Gene Name,CAI,GC Content,CFD,Negative CIS Elements,Negative Repeat Elements,Raw Sequence
AKT1_dna.fasta,0.92,48.97%,0% ,2,0,ATGAGCGATGTTGCGATTGTTAAAGAAGGCTGGCTGCATAAACGCGGTGAATATATCAAAACCTGGCGTCCGCGTTATTTCCTGCTGAAAAATGACGGTACCTTTATTGGTTATAAAGAGCGTCCGCAGGATGTTGATCAGCGTGAAGCGCCGCTGAATAACTTCTCCGTTGCGCAGTGCCAGCTGATGAAAACCGAACGTCCGCGTCCGAATACCTTTATTATCCGCTGCCTGCAATGGACCACGGTTATTGAACGTACCTTCCATGTTGAAACGCCGGAAGAGCGTGAAGAGTGGACCACCGCAATTCAGACCGTTGCTGATGGTCTGAAAAAACAGGAAGAAGAAGAAATGGATTTCCGCTCCGGTTCGCCGTCTGATAACAGCGGTGCAGAAGAAATGGAAGTCTCGCTGGCGAAACCGAAACATCGCGTGACGATGAATGAATTTGAATATCTGAAACTGCTGGGTAAAGGAACCTTTGGTAAAGTGATTCTGGTGAAAGAAAAAGCAACCGGGCGTTATTACGCGATGAAAATCCTGAAAAAAGAAGTGATTGTCGCAAAAGATGAAGTGGCGCATACGCTGACCGAAAACCGCGTATTGCAAAACAGCCGTCATCCGTTCCTGACCGCGCTGAAATACAGCTTCCAGACCCACGACCGTCTGTGCTTTGTGATGGAATATGCTAACGGCGGTGAACTGTTTTTCCATCTGTCCCGTGAACGCGTATTCAGCGAAGATCGCGCGCGTTTTTATGGTGCAGAAATTGTCTCTGCGCTGGATTATCTGCACAGCGAAAAAAACGTGGTTTATCGCGATCTGAAACTGGAAAACCTGATGCTGGATAAAGATGGTCATATCAAAATCACCGATTTTGGTCTGTGCAAAGAAGGTATTAAAGATGGTGCAACGATGAAAACCTTCTGCGGTACGCCGGAATATCTGGCGCCGGAAGTGCTGGAAGATAACGATTACGGTCGTGCGGTTGACTGGTGGGGGCTGGGTGTGGTGATGTATGAAATGATGTGCGGTCGTCTGCCGTTTTATAACCAGGATCATGAAAAACTGTTTGAACTGATTCTGATGGAAGAAATCCGTTTCCCGCGTACGCTGGGGCCGGAAGCGAAATCGCTGCTGTCCGGTCTGCTGAAAAAAGATCCGAAACAGCGTCTGGGCGGCGGTAGCGAAGATGCGAAAGAAATCATGCAGCACCGTTTCTTTGCCGGTATCGTCTGGCAGCATGTTTATGAAAAAAAACTGTCGCCGCCGTTTAAACCGCAGGTGACCAGCGAAACCGATACCCGTTATTTTGATGAAGAGTTTACCGCGCAGATGATCACCATCACGCCGCCGGATCAGGATGACAGCATGGAATGCGTTGATAGCGAACGTCGTCCGCATTTCCCGCAGTTCAGCTACTCCGCCTCCGGTACGGCGTGA
BIRC5_dna.fasta,0.89,49.59%,0% ,2,0,ATGGGCGCACCGACGCTGCCGCCGGCATGGCAGCCGTTCCTGAAAGATCATCGTATCTCCACCTTCAAAAACTGGCCGTTCCTGGAAGGTTGCGCCTGTACGCCGGAACGTATGGCAGAAGCAGGTTTTATTCACTGCCCGACTGAAAATGAACCGGATCTGGCGCAGTGCTTCTTCTGCTTTAAAGAGCTGGAAGGCTGGGAACCGGATGATGATCCGATTGGTCCGGGTACGGTTGCTTATGCCTGCAATACCTCAACGCTGGGCGGGCGTGGTGGGCGTATCACCCGTGAAGAGCATAAAAAACACTCCTCCGGTTGCGCATTTCTGTCGGTAAAAAAACAGTTTGAAGAACTGACGCTGGGTGAATTCCTGAAACTGGATCGTGAACGCGCGAAAAATAAAATCGCCAAAGAAACCAATAATAAAAAAAAAGAGTTTGAAGAAACGGCAGAAAAAGTGCGTCGCGCGATTGAACAGCTGGCGGCGATGGATTGA
BRAF1_dna.fasta,0.87,52.04%,0% ,2,0,ATGGCGGCGCTGTCTGGCGGCGGTGGTGGTGGTGCAGAACCGGGTCAGGCGCTGTTTAACGGCGATATGGAACCGGAAGCTGGTGCAGGTGCAGGTGCTGCAGCATCCTCTGCTGCAGATCCGGCAATTCCGGAAGAAGTCTGGAATATCAAACAGATGATCAAACTGACGCAGGAGCATATTGAAGCGCTGCTGGATAAATTTGGTGGTGAACATAACCCGCCGTCAATTTATCTGGAAGCTTATGAAGAATATACCAGCAAACTGGATGCGTTGCAGCAGCGTGAGCAGCAATTGCTGGAATCGCTGGGTAACGGTACTGATTTCTCCGTCTCCTCCTCTGCCTCAATGGATACCGTGACCTCCTCCTCCTCCTCCTCGCTGTCTGTACTGCCGTCATCGCTGTCTGTATTCCAGAACCCGACCGATGTTGCGCGTAGCAACCCGAAATCGCCGCAAAAACCGATTGTGCGCGTGTTTCTGCCGAATAAACAGCGTACGGTGGTTCCGGCGCGTTGCGGTGTGACGGTGCGTGACAGCCTGAAAAAAGCGCTGATGATGCGTGGGCTGATTCCGGAATGCTGCGCGGTTTATCGTATTCAGGATGGTGAAAAAAAACCGATTGGCTGGGATACCGATATCTCCTGGCTGACCGGTGAAGAGCTGCATGTTGAAGTGCTGGAAAACGTGCCGCTGACCACCCACAACTTTGTACGTAAAACCTTCTTCACGCTGGCTTTTTGCGATTTCTGCCGTAAACTGCTGTTTCAGGGTTTCCGCTGCCAGACCTGCGGTTATAAATTCCATCAGCGTTGCTCAACCGAAGTGCCGCTGATGTGCGTGAACTATGACCAGCTGGATCTGCTGTTTGTCAGCAAATTCTTTGAACATCATCCGATTCCGCAGGAAGAAGCCTCGCTGGCAGAAACCGCGCTGACCTCCGGTTCCTCGCCGTCTGCACCGGCATCTGACAGCATTGGTCCGCAGATTCTGACCTCGCCGTCACCGTCAAAATCAATTCCGATTCCGCAGCCGTTCCGTCCGGCTGATGAAGATCACCGTAATCAGTTTGGTCAGCGTGATCGCTCCTCCTCTGCACCGAACGTGCATATCAATACCATTGAACCGGTAAATATCGATGATCTGATCCGCGATCAGGGTTTCCGTGGTGATGGCGGTAGCACCACCGGGCTGTCGGCAACGCCGCCGGCATCGCTGCCGGGTTCGCTGACCAACGTGAAAGCGTTGCAAAAATCGCCGGGTCCGCAGCGTGAGCGTAAATCCTCCTCCTCCTCTGAAGATCGTAACCGCATGAAAACGCTGGGGCGTCGTGACTCCTCTGATGACTGGGAAATTCCGGATGGGCAGATTACCGTTGGGCAGCGTATTGGTTCCGGTTCGTTTGGTACGGTTTATAAAGGTAAATGGCACGGCGATGTTGCGGTAAAAATGCTGAACGTCACCGCACCAACGCCGCAGCAATTGCAGGCGTTTAAAAATGAAGTTGGCGTACTGCGTAAAACGCGTCATGTCAATATTCTGCTGTTTATGGGTTACTCCACCAAACCGCAGCTGGCGATTGTCACCCAGTGGTGCGAAGGTTCCTCGCTGTATCATCATCTGCATATTATTGAAACCAAATTTGAAATGATCAAACTGATTGATATCGCCCGTCAGACCGCGCAGGGGATGGATTATCTGCATGCGAAATCAATTATTCACCGCGATCTGAAATCAAATAATATTTTCCTGCATGAAGATCTGACCGTAAAAATTGGCGATTTTGGTCTGGCAACGGTAAAATCCCGCTGGTCCGGTAGCCATCAGTTTGAGCAGCTTTCCGGTTCCATTCTGTGGATGGCGCCGGAAGTGATCCGCATGCAGGATAAAAATCCTTACAGCTTCCAGTCTGATGTTTATGCCTTTGGTATTGTGCTGTATGAACTGATGACCGGGCAGTTGCCGTACAGCAATATCAATAACCGCGATCAGATTATCTTTATGGTTGGGCGTGGTTATCTGTCGCCGGATCTGAGCAAAGTGCGTAGCAACTGCCCGAAAGCGATGAAACGTCTGATGGCAGAATGCCTGAAAAAAAAACGCGATGAACGTCCGCTGTTCCCGCAGATTCTGGCCTCAATTGAACTGCTGGCGCGTTCGCTGCCGAAAATTCACCGTTCTGCCAGCGAACCGTCGCTGAACCGCGCAGGTTTCCAGACCGAAGATTTCTCGCTGTATGCCTGCGCCTCGCCGAAAACGCCGATTCAGGCTGGTGGTTATGGTGCATTCCCGGTTCATTGA
CAV1_dna.fasta,0.92,43.46%,0% ,0,0,ATGAGCGGCGGTAAATATGTTGATAGCGAAGGTCATCTGTATACCGTGCCGATCCGTGAGCAGGGTAATATCTATAAACCGAATAATAAAGCGATGGCTGATGAACTGAGCGAAAAACAGGTTTATGATGCGCATACCAAAGAAATCGATCTGGTGAACCGCGATCCGAAACATCTGAATGATGATGTGGTGAAAATCGATTTTGAAGATGTTATTGCTGAACCGGAAGGTACGCACTCTTTTGATGGTATCTGGAAAGCCTCATTTACCACCTTTACCGTCACCAAATACTGGTTTTATCGTCTGCTGTCGGCGCTGTTTGGTATTCCGATGGCGCTGATCTGGGGTATTTATTTTGCTATTCTTTCTTTTCTGCATATCTGGGCGGTGGTGCCGTGCATCAAATCATTTCTGATTGAAATTCAGTGCATCTCCCGCGTTTATTCCATTTATGTTCATACCGTTTGCGATCCGCTGTTTGAAGCGGTTGGTAAAATCTTCAGCAACGTGCGTATCAACCTGCAAAAAGAAATCTGA
CD80_dna.fasta,0.90,50.20%,0% ,0,0,ATGGCTTGTAACTGCCAGCTGATGCAGGATACGCCGCTGCTGAAATTCCCGTGCCCGCGTCTGATTCTGCTGTTTGTGCTGCTGATCCGTCTGTCGCAGGTCTCCTCTGATGTTGATGAGCAGCTTTCAAAATCAGTAAAAGATAAAGTACTGCTGCCGTGCCGTTATAACTCGCCGCATGAAGATGAAAGCGAAGATCGTATCTACTGGCAAAAACATGATAAAGTGGTGCTGTCGGTGATTGCCGGTAAACTGAAAGTCTGGCCGGAATATAAAAACCGCACGCTGTATGACAACACCACCTACTCACTGATTATTCTGGGGCTGGTGCTGTCTGATCGCGGAACCTACTCCTGCGTGGTGCAGAAAAAAGAGCGTGGAACCTATGAAGTGAAACATCTGGCGCTGGTGAAACTGTCCATTAAAGCCGATTTCTCCACGCCAAATATCACCGAATCCGGTAACCCGTCAGCAGATACCAAACGCATCACCTGCTTTGCCTCCGGCGGTTTCCCGAAACCGCGTTTCTCCTGGCTGGAAAACGGTCGTGAACTGCCGGGTATCAATACCACCATCAGCCAGGATCCGGAAAGCGAACTGTATACCATCTCCTCACAGCTGGATTTCAACACCACCCGTAACCATACCATTAAATGCCTGATTAAATATGGCGATGCGCATGTCAGCGAAGATTTCACCTGGGAAAAACCGCCGGAAGATCCGCCGGACAGCAAAAATACGCTGGTGCTGTTTGGTGCAGGTTTTGGTGCGGTGATTACCGTGGTGGTGATTGTGGTGATTATCAAATGCTTCTGCAAACATCGTTCCTGCTTCCGCCGTAATGAAGCCAGCCGTGAAACCAATAACAGCCTGACCTTTGGTCCGGAAGAAGCGCTGGCAGAACAGACCGTGTTCCTGTGA
CDK1_dna.fasta,0.91,48.41%,0% ,2,0,ATGGAAGATTACACCAAAATTGAAAAAATTGGTGAAGGTACCTATGGTGTGGTTTATAAAGGGCGTCATAAAACCACCGGTCAGGTGGTGGCGATGAAAAAAATCCGTCTGGAAAGCGAAGAAGAAGGCGTGCCGTCAACCGCAATCCGTGAAATCTCACTGCTGAAAGAACTGCGTCATCCGAATATTGTCTCGCTGCAGGATGTGCTGATGCAGGATAGCCGTCTGTATCTGATTTTTGAATTCCTGTCGATGGATCTGAAAAAATATCTGGACAGCATTCCGCCGGGGCAGTATATGGATAGCTCGCTGGTGAAAAGCTATCTGTATCAGATTTTGCAGGGGATTGTTTTCTGCCACTCCCGTCGCGTACTGCATCGCGATCTGAAACCGCAAAACCTGCTGATTGATGATAAAGGCACCATTAAACTGGCTGATTTTGGTCTGGCGCGTGCGTTTGGTATTCCGATTCGCGTTTATACCCATGAAGTGGTGACGCTGTGGTATCGCTCGCCGGAAGTGCTGCTGGGTTCGGCGCGTTACTCCACGCCGGTTGATATCTGGTCTATTGGTACCATTTTTGCTGAACTGGCAACCAAAAAACCGCTGTTCCACGGCGATAGCGAAATCGATCAGCTGTTCCGTATTTTCCGCGCGCTGGGTACGCCGAATAATGAAGTCTGGCCGGAAGTTGAATCGCTGCAGGATTACAAAAATACCTTCCCGAAATGGAAACCGGGTTCGCTGGCAAGCCATGTGAAAAATCTGGATGAAAACGGTCTGGATCTGCTGTCAAAAATGCTGATTTATGATCCGGCAAAACGTATCTCCGGTAAAATGGCGCTGAACCATCCTTATTTTAACGATCTGGATAACCAGATCAAAAAAATGTGA
CEBPZ_dna.fasta,0.93,45.75%,0% ,6,0,ATGGCGGCGGTAAAAGAACCGCTGGAATTCCATGCCAAACGTCCGTGGCGTCCGGAAGAAGCGGTTGAAGATCCGGATGAAGAAGATGAAGATAACACCAGCGAAGCTGAAAACGGTTTTTCGCTGGAAGAAGTGCTGCGTCTGGGCGGTACGAAACAGGATTATCTGATGCTGGCAACGCTGGATGAAAACGAAGAAGTGATTGATGGCGGTAAAAAAGGTGCAATTGATGATTTGCAGCAGGGTGAACTGGAAGCGTTTATTCAGAACCTGAATCTGGCGAAATACACCAAAGCCTCGCTGGTTGAAGAAGATGAACCGGCAGAAAAAGAAAACAGCTCAAAAAAAGAAGTGAAAATCCCGAAAATCAATAATAAAAATACCGCAGAAAGCCAGCGTACCAGCGTAAATAAAGTGAAAAATAAAAACCGTCCGGAACCGCACTCTGATGAAAACGGTTCAACCACGCCGAAAGTGAAAAAAGATAAACAGAATATTTTTGAATTCTTTGAACGTCAGACGCTGCTGCTGCGTCCGGGCGGTAAATGGTATGATCTGGAATACAGCAATGAATATTCACTGAAACCGCAGCCGCAGGATGTGGTCAGCAAATACAAAACGCTGGCGCAAAAACTGTATCAGCATGAAATCAACCTGTTTAAAAGCAAAACCAACAGCCAGAAAGGTGCATCCTCCACCTGGATGAAAGCGATTGTCTCCTCCGGTACGCTGGGCGATCGCATGGCGGCGATGATTCTGCTGATTCAGGATGATGCTGTTCATACGCTGCAGTTTGTTGAAACGCTGGTGAATCTGGTGAAAAAAAAAGGCAGCAAACAGCAGTGCCTGATGGCGCTGGATACCTTTAAAGAACTGCTGATTACCGATCTGCTGCCGGATAACCGTAAACTGCGTATTTTCAGCCAGCGTCCGTTTGATAAACTGGAACAGCTTTCCTCCGGTAATAAAGACAGCCGTGATCGCCGTCTGATTCTGTGGTATTTTGAACATCAGCTGAAACATCTGGTGGCAGAATTTGTGCAGGTGCTGGAAACGCTGAGCCACGATACGCTGGTGACCACCAAAACCCGCGCGCTGACCGTTGCGCATGAACTGCTGTGCAATAAACCGGAAGAAGAAAAAGCGCTGCTGGTGCAGGTGGTGAATAAACTGGGCGATCCGCAAAACCGTATTGCCACCAAAGCCAGCCATCTGCTGGAAACGCTGCTGTGCAAACATCCGAATATGAAAGGCGTGGTTTCCGGTGAAGTTGAACGTCTGCTGTTCCGCAGCAATATCTCCAGCAAAGCGCAGTATTATGCCATTTGCTTCCTGAATCAGATGGCGCTGAGCCATGAAGAAAGCGAACTGGCAAATAAACTGATTACCGTTTATTTCTGCTTCTTCCGTACCTGCGTGAAAAAAAAAGATGTTGAAAGCAAAATGCTGTCTGCGCTGCTGACCGGTGTTAACCGCGCTTATCCTTACAGCCAGACCGGCGATGATAAAGTGCGTGAGCAGATCGATACGCTGTTTAAAGTGCTGCATATTGTTAACTTCAATACCAGCGTACAGGCGCTGATGCTGCTGTTTCAGGTGATGAACAGCCAGCAAACCATCTCTGATCGTTATTACACCGCGCTGTATCGTAAAATGCTGGATCCGGGACTGATGACCTGCAGCAAACAGGCGATGTTCCTGAATCTGGTTTATAAATCACTGAAAGCTGATATCGTGCTGCGTCGCGTAAAAGCGTTTGTTAAACGTCTGCTGCAGGTGACCTGCCAGCAGATGCCGCCGTTTATTTGCGGTGCGCTGTATCTGGTCAGCGAAATCCTGAAAGCAAAACCGGGTCTGCGTAGCCAGCTGGATGATCATCCGGAAAGCGATGATGAAGAAAACTTTATTGATGCTAACGATGATGAAGATATGGAAAAATTTACCGATGCTGATAAAGAAACCGAAATCGTGAAAAAACTGGAAACCGAAGAAACCGTGCCGGAAACCGATGTTGAAACCAAAAAACCGGAAGTTGCCAGCTGGGTGCATTTTGATAACCTGAAAGGCGGTAAACAGCTGAATAAATATGATCCGTTCAGCCGTAATCCGCTGTTTTGCGGTGCAGAAAACACCTCACTGTGGGAACTGAAAAAACTGTCTGTGCATTTCCATCCGTCTGTGGCGCTGTTTGCGAAAACCATTTTGCAGGGTAACTATATTCAGTACTCCGGCGATCCGCTGCAGGATTTCACGCTGATGCGTTTTCTGGATCGTTTTGTTTATCGTAACCCGAAACCGCATAAAGGTAAAGAAAACACCGACAGCGTGGTGATGCAGCCGAAACGTAAACATTTTATTAAAGATATCCGTCATCTGCCGGTAAACAGCAAAGAGTTCCTGGCGAAAGAAGAAAGCCAGATTCCGGTTGATGAAGTGTTCTTCCATCGTTATTACAAAAAAGTGGCGGTAAAAGAAAAACAGAAACGCGATGCTGATGAAGAAAGCATTGAAGATGTTGATGATGAAGAGTTTGAAGAGCTGATCGATACCTTTGAAGATGATAACTGCTTCTCCTCCGGTAAAGATGATATGGATTTTGCCGGTAACGTGAAAAAACGCACCAAAGGCGCAAAAGATAACACGCTGGATGAAGATAGCGAAGGTAGCGATGATGAACTGGGTAACCTGGATGATGATGAAGTCTCGCTGGGTTCGATGGATGATGAAGAGTTTGCTGAAGTTGATGAAGATGGCGGTACGTTTATGGATGTGCTGGATGATGAAAGCGAAAGCGTGCCGGAACTGGAAGTGCACAGCAAAGTCTCAACCAAAAAATCAAAACGTAAAGGAACTGATGATTTTGATTTTGCCGGTTCGTTCCAGGGGCCGCGTAAAAAAAAACGCAATCTGAATGACAGCTCGCTGTTTGTCTCTGCAGAAGAGTTTGGTCATCTGCTGGATGAAAATATGGGTAGCAAATTTGATAATATCGGTATGAATGCGATGGCTAATAAAGATAACGCCTCACTGAAACAGCTGCGCTGGGAAGCTGAACGTGATGACTGGCTGCATAACCGCGATGCGAAATCAATTATCAAAAAAAAAAAACATTTCAAAAAAAAACGCATCAAAACCACGCAGAAAACCAAAAAACAGCGTAAATAA
CLN3_dna.fasta,0.88,56.51%,0% ,0,0,ATGGGCGGTTGCGCAGGTAGCCGTCGTCGTTTTTCCGACAGCGAAGGTGAAGAAACCGTGCCGGAACCGCGTCTGCCGCTGCTGGATCATCAGGGTGCGCACTGGAAAAATGCTGTTGGTTTCTGGCTGCTGGGGCTGTGCAATAACTTCAGCTATGTGGTGATGCTGTCTGCGGCGCATGATATTCTGAGCCATAAACGCACCTCCGGTAATCAGAGCCATGTTGATCCGGGTCCGACGCCGATTCCGCATAACTCCTCCTCACGTTTTGATTGCAACAGCGTCAGCACCGCTGCGGTACTGCTGGCAGATATTCTGCCGACGCTGGTGATCAAACTGCTGGCGCCGCTGGGGCTGCATCTGCTGCCTTATTCGCCGCGCGTACTGGTGTCCGGTATTTGCGCTGCAGGTTCGTTTGTGCTGGTGGCATTCAGCCACTCCGTCGGTACCTCGCTGTGCGGTGTGGTGTTTGCCTCCATCTCCTCCGGTCTGGGTGAAGTGACCTTCCTGTCGCTGACCGCGTTTTATCCGCGCGCGGTGATCTCCTGGTGGTCATCCGGTACCGGTGGTGCAGGACTGCTGGGTGCGCTGTCTTATCTGGGGCTGACGCAGGCAGGGCTGTCGCCGCAGCAAACGCTGCTGTCGATGCTGGGTATTCCGGCGCTGCTGCTGGCAAGCTATTTCCTGCTGCTGACCTCGCCGGAAGCGCAGGATCCGGGCGGTGAAGAAGAAGCAGAAAGCGCAGCGCGTCAGCCGCTGATCCGTACCGAAGCGCCGGAAAGCAAACCGGGTTCCTCCTCCTCACTGTCGCTGCGTGAACGCTGGACGGTATTTAAAGGACTGCTGTGGTATATCGTTCCGCTGGTGGTGGTTTATTTTGCTGAATATTTTATCAATCAGGGGCTGTTTGAACTGCTGTTCTTCTGGAATACCTCACTGTCTCATGCGCAGCAGTATCGCTGGTATCAGATGCTGTATCAGGCTGGTGTATTTGCCAGCCGCTCCTCACTGCGTTGCTGCCGTATCCGTTTTACCTGGGCGCTGGCGCTGCTGCAGTGCCTGAATCTGGTGTTTCTGCTGGCTGATGTCTGGTTTGGTTTTCTGCCGTCAATTTATCTGGTGTTTCTGATTATTCTGTATGAAGGGCTGCTGGGCGGTGCAGCTTATGTCAATACCTTCCATAATATTGCGCTGGAAACCAGCGATGAACACCGTGAATTTGCGATGGCGGCAACCTGCATCTCTGATACGCTGGGTATCTCGCTGTCCGGTCTGCTGGCGCTGCCGCTGCATGATTTCCTGTGCCAGCTTTCATGA
CREB1_dna.fasta,0.89,56.25%,0% ,1,0,ATGACGATGGAAAGCGGTGCAGAAAATCAGCAGTCCGGCGATGCTGCGGTAACCGAAGCTGAAAACCAGCAGATGACGGTGCAGGCGCAGCCGCAGATTGCCACGCTGGCGCAGGTCTCGATGCCGGCAGCACATGCAACCTCCTCTGCACCGACGGTAACGCTGGTGCAGTTGCCGAACGGTCAGACGGTGCAGGTGCATGGCGTGATTCAGGCTGCGCAGCCGTCGGTGATTCAGTCGCCGCAGGTGCAGACGGTGCAGATCTCCACCATTGCTGAAAGCGAAGATAGCCAGGAAAGCGTTGATAGCGTGACCGACAGCCAGAAACGTCGTGAAATTCTGTCCCGTCGTCCGTCTTATCGTAAAATTCTGAATGATCTTTCCTCTGATGCGCCGGGTGTGCCGCGTATTGAAGAAGAAAAAAGCGAAGAAGAAACCAGCGCACCGGCAATCACCACCGTTACCGTGCCGACGCCGATTTATCAGACCTCCTCTGGTCAGTATATCGCCATTACCCAGGGCGGTGCAATTCAGCTGGCTAATAACGGTACTGATGGCGTGCAGGGGTTGCAAACGCTGACCATGACCAACGCTGCAGCAACGCAGCCGGGTACCACCATTCTGCAGTATGCGCAGACCACCGACGGTCAGCAGATTCTGGTGCCGTCAAATCAGGTGGTGGTGCAGGCTGCAAGCGGTGATGTGCAGACCTATCAGATCCGTACCGCACCGACCTCAACCATTGCGCCGGGTGTGGTGATGGCATCCTCGCCGGCGCTGCCGACGCAGCCGGCAGAAGAAGCGGCGCGTAAACGTGAAGTGCGTCTGATGAAAAACCGTGAAGCGGCGCGTGAATGCCGTCGTAAAAAAAAAGAATATGTGAAATGCCTGGAAAACCGCGTTGCGGTACTGGAAAACCAGAATAAAACGCTGATTGAAGAACTGAAAGCGCTGAAAGATCTGTATTGCCATAAATCTGATTGA
CSNK1A1_dna.fasta,0.92,46.90%,0% ,1,0,ATGGCTTCCTCCTCCGGTAGCAAAGCAGAATTTATTGTCGGTGGTAAATATAAACTGGTGCGTAAAATTGGTTCCGGTTCGTTTGGTGATATTTATCTGGCGATTAATATCACCAACGGTGAAGAAGTGGCGGTAAAACTGGAAAGCCAGAAAGCGCGTCATCCGCAGTTGCTGTATGAAAGCAAACTGTATAAAATTCTGCAGGGCGGTGTTGGTATTCCGCATATCCGCTGGTATGGTCAGGAAAAAGATTATAACGTGCTGGTGATGGATCTGCTGGGGCCGTCGCTGGAAGATCTGTTTAACTTCTGCTCCCGCCGTTTTACCATGAAAACCGTGCTGATGCTGGCTGATCAGATGATCAGCCGTATTGAATATGTTCATACCAAAAACTTTATTCACCGCGATATCAAACCGGATAACTTCCTGATGGGGATTGGTCGTCATTGCAATAAACTGTTTCTGATTGATTTTGGTCTGGCGAAAAAATATCGCGATAACCGTACCCGTCAGCATATTCCTTATCGTGAAGATAAAAATCTGACCGGTACGGCGCGTTATGCCTCAATTAACGCTCATCTGGGTATTGAACAGAGCCGTCGTGATGATATGGAATCGCTGGGTTATGTGCTGATGTATTTTAACCGCACCTCACTGCCGTGGCAGGGGCTGAAAGCGGCAACCAAAAAACAGAAATATGAAAAAATCAGCGAAAAAAAAATGTCCACGCCGGTTGAAGTGCTGTGCAAAGGTTTCCCGGCAGAATTTGCGATGTATCTGAACTATTGCCGTGGTCTGCGTTTTGAAGAAGCGCCGGATTATATGTATCTGCGTCAGCTGTTCCGTATTCTGTTCCGCACGCTGAACCATCAGTATGACTACACCTTTGACTGGACGATGCTGAAACAGAAAGCGGCGCAGCAGGCTGCATCCTCCTCCGGTCAGGGGCAGCAGGCGCAGACGCCGACCGGAAAACAGACCGATAAAACCAAAAGCAATATGAAAGGTTTTTGA
EMG1_dna.fasta,0.90,51.49%,0% ,0,0,ATGGCTGCACCGTCTGATGGTTTTAAACCGCGTGAACGTTCCGGCGGTGAGCAGGCGCAGGACTGGGATGCGCTGCCGCCGAAACGTCCGCGTCTGGGTGCAGGTAATAAAATTGGCGGTCGTCGTCTGATTGTGGTGCTGGAAGGTGCATCGCTGGAAACGGTGAAAGTCGGTAAAACCTATGAACTGCTGAACTGCGATAAACATAAATCAATTCTGCTGAAAAACGGTCGTGATCCGGGTGAAGCGCGTCCGGATATCACCCATCAGTCGCTGCTGATGCTGATGGATTCGCCGCTGAACCGCGCAGGACTGCTGCAGGTTTATATCCATACCCAGAAAAACGTGCTGATTGAAGTTAACCCGCAAACGCGTATTCCGCGTACCTTTGACCGTTTCTGCGGTCTGATGGTGCAGCTGCTGCATAAACTGTCTGTGCGTGCTGCTGATGGTCCGCAAAAACTGCTGAAAGTGATCAAAAACCCGGTTTCTGATCATTTCCCGGTTGGTTGTATGAAAGTCGGTACCTCATTCTCCATTCCGGTGGTTTCTGATGTGCGTGAACTGGTGCCGTCCTCTGATCCGATTGTTTTTGTCGTTGGTGCATTTGCTCACGGTAAAGTCAGCGTTGAATATACCGAAAAAATGGTCTCCATCAGCAACTATCCGCTGTCTGCAGCGCTGACCTGCGCAAAACTGACCACCGCATTTGAAGAAGTGTGGGGCGTGATTTGA
FALVAC-1_dna.fasta,0.91,43.34%,0% ,2,0,ATGGCGAAACATAAAAAACTGAAACAGCCGGGCGATGGTAACCCGTGGTCGCCGTGCTCCGTAACCTGCGGTAAACCGAAAGATGAACTGGATTATGAAAACGATATCGAAAAAAAAATCTGCAAAATGGAAAAATGCTCCTCTGTATTTAACGTGGTGAACAGCAACTCCGGTTGTTTCCGCCATCTGGATGAACGTGAAGAGTGCAAATGCCTGCTGGAAGATTCCGGTAGCAACGGTAAAAAAATCACCTGCGAATGCACCAAACCGGACAGCAAACCGATTGTGCAGTATGATAACTTTAACGCCAACCCGAATGCCAACCCGAATGCTAACCCGGATGGTAACTGCGAAGATATTCCGCATGTTAATGAATTCTCTGCCATTGATCTGGGTAATGCTGAAAAATACGACAAAATGGATGAACCGCAGCATTACGGTAAATCGCTGACGCCGCTGGAAGAGCTGTATAAACCGAATGATAAATCGCTGTATCAGTATATCAAAGCCAACAGCAAATTTATTGGTATTACCGAACTGAGCAATACCTTTATCAATAACGCCGGGCAGCACGGTCATATGCACGGTAATGAACGTGAAGATGAACGTACGCTGACCAAAGAATATGAAGATATCGTGCTGAAAGAGTTTACCTATATGATCAACTTTGGTCGTGGGCAGAACTACTGGGAGCATCCGTATCAGAAAAGCGATCAGCCGAAACAGTATGAACAGCATCTGACCGATTATGAAAAAATCAAAGAAGGTAAACCGCTGGATAAATTTGGTAATATTTATGATTATCACTATGAACACTCCTCACCGTCATCAACCAAATCCTCCTCGCCGTCAAACGTGAAATCAGCCTCGCTGGCAACGCGTCTGATGAAAAAATTTAAAGCAGAAATCCGCGATTTCTTCGGTATCTCTTATTATGAAAAAGTGCTGGCGAAATATAAAGATGATCTGGAA
FGFR4_dna.fasta,0.90,56.90%,0% ,2,0,ATGCGTCTGCTGCTGGCGCTGCTGGGCGTACTGCTGTCTGTACCGGGTCCGCCGGTACTGTCGCTGGAAGCCAGCGAAGAAGTTGAACTGGAACCGTGCCTGGCGCCGTCGCTGGAGCAGCAGGAGCAGGAACTGACCGTGGCGCTGGGGCAGCCGGTACGTCTGTGCTGCGGTCGTGCTGAACGTGGTGGTCACTGGTATAAAGAAGGTTCGCGTCTGGCGCCGGCAGGGCGCGTGCGTGGCTGGCGTGGGCGTCTGGAAATCGCCTCATTTCTGCCGGAAGATGCCGGGCGTTATCTGTGCCTGGCGCGTGGTTCGATGATTGTGTTGCAAAACCTGACGCTGATTACCGGCGATTCGCTGACCTCCTCTAACGATGATGAAGATCCGAAATCACACCGCGATCCGTCAAACCGTCACTCTTATCCGCAGCAGGCGCCGTACTGGACCCATCCGCAGCGTATGGAAAAAAAACTGCATGCCGTTCCGGCAGGTAACACCGTAAAATTCCGTTGCCCGGCAGCAGGTAACCCGACGCCGACCATCCGCTGGCTGAAAGATGGTCAGGCGTTCCACGGTGAAAACCGTATTGGCGGTATCCGTCTGCGTCATCAGCACTGGTCGCTGGTGATGGAAAGCGTGGTGCCGTCTGATCGCGGTACCTACACCTGCCTGGTGGAAAACGCTGTTGGTAGCATCCGTTATAACTATCTGCTGGATGTGCTGGAACGTTCGCCGCATCGTCCGATTCTGCAGGCAGGACTGCCGGCAAATACCACCGCGGTGGTTGGTAGCGATGTTGAACTGCTGTGCAAAGTTTATAGCGATGCGCAGCCGCATATTCAGTGGCTGAAACATATTGTTATTAACGGTTCCTCATTTGGTGCTGATGGTTTCCCTTATGTGCAGGTGCTGAAAACCGCTGATATCAACTCCTCTGAAGTTGAAGTGCTGTATCTGCGTAACGTCAGCGCAGAAGATGCTGGTGAATATACCTGCCTGGCAGGTAACAGCATTGGTCTGTCTTATCAGTCAGCCTGGCTGACCGTACTGCCGGAAGAAGATCCGACCTGGACGGCTGCTGCACCGGAAGCGCGTTATACCGATATTATTCTGTATGCCTCCGGTTCGCTGGCGCTGGCGGTACTGCTGCTGCTGGCGGGGCTGTATCGCGGTCAGGCGCTGCATGGTCGTCATCCGCGTCCGCCGGCAACGGTGCAGAAACTGTCCCGTTTCCCGCTGGCGCGTCAGTTCTCGCTGGAATCCGGTTCCTCCGGTAAATCCTCCTCCTCGCTGGTGCGTGGTGTGCGTCTGTCCTCCTCCGGTCCGGCGCTGCTGGCAGGGCTGGTGTCGCTGGATCTGCCGCTGGATCCGCTGTGGGAATTCCCGCGCGATCGTCTGGTGCTGGGTAAACCGCTGGGTGAAGGTTGTTTTGGTCAGGTGGTGCGTGCAGAAGCGTTTGGTATGGATCCGGCGCGTCCGGATCAGGCCTCAACCGTTGCGGTAAAAATGCTGAAAGATAACGCCAGCGATAAAGATCTGGCTGATCTGGTCAGCGAAATGGAAGTGATGAAACTGATTGGTCGTCATAAAAATATTATCAACCTGCTGGGCGTGTGCACGCAGGAAGGGCCGCTGTATGTTATTGTTGAATGCGCAGCAAAAGGTAACCTGCGTGAATTTCTGCGTGCGCGTCGTCCGCCGGGTCCGGATCTGTCGCCGGATGGTCCGCGCTCCTCTGAAGGGCCGCTGTCTTTCCCGGTACTGGTCTCCTGCGCTTATCAGGTGGCGCGTGGAATGCAGTATCTGGAAAGCCGTAAATGCATTCACCGCGATCTGGCGGCGCGTAACGTGCTGGTGACTGAAGATAACGTGATGAAAATTGCCGATTTTGGTCTGGCGCGTGGTGTGCATCATATTGATTACTACAAAAAAACCAGCAACGGTCGTCTGCCGGTAAAATGGATGGCGCCGGAAGCGCTGTTTGATCGCGTTTATACCCATCAGAGCGATGTCTGGTCATTTGGTATTCTGCTGTGGGAAATCTTCACGCTGGGCGGTTCGCCGTATCCGGGTATTCCGGTTGAAGAGCTGTTCTCGCTGCTGCGTGAAGGTCATCGTATGGATCGTCCGCCGCATTGCCCGCCGGAACTGTATGGTCTGATGCGTGAATGCTGGCATGCTGCACCGTCACAGCGTCCGACCTTCAAACAGCTGGTTGAAGCGCTGGATAAAGTGCTGCTGGCGGTTAGCGAAGAATATCTGGATCTGCGTCTGACCTTTGGTCCGTATTCGCCGTCTGGCGGTGATGCCTCCTCCACCTGCTCCTCCTCTGACAGCGTATTCAGCCACGATCCGCTGCCGCTGGGTTCCTCCTCATTCCCGTTTGGTTCCGGTGTACAGACGTGA
FLT1_dna.fasta,0.90,48.08%,0% ,5,0,ATGGTTAGCTACTGGGATACCGGCGTACTGCTGTGCGCGCTGCTGTCCTGCCTGCTGCTGACCGGTTCCTCCTCCGGTAGCAAACTGAAAGATCCGGAACTGTCGCTGAAAGGCACGCAGCATATTATGCAGGCAGGGCAGACGCTGCATCTGCAGTGCCGTGGTGAAGCGGCGCATAAATGGTCACTGCCGGAAATGGTCAGCAAAGAAAGCGAACGTCTGTCCATCACCAAATCTGCCTGCGGTCGTAATGGTAAACAGTTCTGCTCAACGCTGACGCTGAATACCGCGCAGGCTAACCATACCGGTTTTTACTCCTGCAAATATCTGGCGGTACCGACCTCAAAAAAAAAAGAAACCGAATCGGCAATTTATATCTTTATCTCTGATACCGGTCGTCCGTTTGTTGAAATGTACAGCGAAATTCCGGAAATTATTCATATGACCGAAGGGCGTGAACTGGTGATTCCGTGCCGCGTAACCTCGCCGAATATCACCGTCACGCTGAAAAAATTCCCGCTGGATACGCTGATTCCTGATGGTAAACGTATTATCTGGGACAGCCGTAAAGGATTTATTATCAGCAATGCCACCTATAAAGAAATCGGTCTGCTGACCTGCGAAGCAACGGTTAACGGTCATCTGTATAAAACCAACTATCTGACCCACCGCCAGACCAATACCATTATTGATGTGCAGATCTCCACGCCGCGTCCGGTAAAACTGCTGCGTGGTCATACGCTGGTGCTGAACTGCACCGCAACCACGCCGCTGAATACCCGCGTACAGATGACCTGGTCTTATCCGGATGAAAAAAATAAACGCGCCAGCGTACGTCGTCGTATTGATCAGAGCAACAGCCATGCCAATATTTTTTACTCCGTACTGACCATCGATAAAATGCAGAATAAAGATAAAGGGCTGTATACCTGCCGCGTACGTTCCGGGCCGTCATTTAAATCAGTAAATACCTCAGTGCATATTTATGACAAAGCGTTTATCACCGTAAAACATCGTAAACAGCAGGTGCTGGAAACCGTTGCAGGTAAACGCAGCTATCGTCTGTCGATGAAAGTGAAAGCATTCCCGTCACCGGAAGTGGTCTGGCTGAAAGATGGTCTGCCGGCAACCGAAAAATCAGCGCGTTATCTGACCCGCGGTTATTCGCTGATTATTAAAGATGTTACTGAAGAAGATGCCGGTAACTACACCATTCTGCTGTCTATTAAACAGAGCAACGTCTTTAAAAATCTGACCGCAACGCTGATTGTTAACGTGAAACCGCAGATTTATGAAAAAGCGGTTTCCTCATTCCCTGATCCGGCGCTGTATCCGCTGGGTAGCCGTCAGATTCTGACCTGCACCGCTTATGGTATTCCGCAGCCGACCATCAAATGGTTCTGGCATCCGTGCAACCATAACCACAGCGAAGCGCGTTGCGATTTCTGCAGCAATAATGAAGAAAGCTTTATTCTGGATGCTGATAGCAATATGGGTAACCGTATTGAATCCATCACCCAGCGTATGGCGATTATTGAAGGTAAAAATAAAATGGCATCAACGCTGGTGGTTGCTGATAGCCGTATCTCCGGTATTTATATCTGCATTGCCAGCAATAAAGTCGGTACGGTTGGGCGTAATATCTCTTTTTATATCACCGATGTTCCGAACGGTTTCCATGTCAATCTGGAAAAAATGCCGACCGAAGGTGAAGATCTGAAACTCTCCTGCACCGTAAATAAATTCCTGTATCGCGATGTCACCTGGATTCTGCTGCGTACCGTAAATAACCGCACCATGCATTACTCCATCAGCAAACAAAAAATGGCGATCACCAAAGAGCACTCCATCACGCTGAATCTGACCATTATGAACGTCTCGCTGCAGGATAGCGGTACCTATGCCTGCCGTGCGCGTAACGTCTATACCGGTGAAGAAATTCTGCAAAAAAAAGAAATCACCATCCGCGATCAGGAAGCGCCGTATCTGCTGCGTAATCTGTCTGATCATACCGTTGCAATCTCCTCCTCAACCACGCTGGATTGCCATGCCAACGGCGTGCCGGAACCGCAGATCACCTGGTTTAAAAATAACCATAAAATTCAGCAGGAACCGGGTATTATTCTCGGTCCGGGTTCCTCAACGCTGTTTATTGAACGCGTGACTGAAGAAGATGAAGGTGTTTATCACTGCAAAGCAACCAACCAGAAAGGTAGCGTTGAATCCTCTGCTTATCTGACCGTGCAGGGAACCAGCGATAAAAGCAACCTGGAACTGATCACGCTGACCTGCACCTGCGTTGCTGCAACGCTGTTCTGGCTGCTGCTGACGCTGTTTATCCGTAAAATGAAACGCTCCTCCTCAGAAATCAAAACCGATTATCTGTCTATTATTATGGATCCGGATGAAGTGCCGCTGGATGAACAGTGCGAACGTCTGCCGTATGACGCCAGCAAATGGGAATTTGCCCGTGAACGTCTGAAACTGGGTAAATCGCTGGGGCGTGGTGCATTTGGTAAAGTGGTGCAGGCTTCGGCATTTGGTATCAAAAAATCGCCGACCTGCCGTACCGTTGCGGTAAAAATGCTGAAAGAAGGTGCAACCGCCAGCGAATATAAAGCGCTGATGACCGAACTGAAAATTCTGACCCATATTGGTCATCATCTGAATGTGGTTAACCTGCTGGGTGCATGTACCAAACAGGGCGGTCCGCTGATGGTGATTGTTGAATATTGCAAATACGGTAATCTGTCTAATTATCTGAAATCAAAACGCGATCTGTTCTTCCTGAATAAAGATGCTGCGCTGCATATGGAACCGAAAAAAGAAAAAATGGAACCGGGTCTGGAGCAGGGAAAAAAACCGCGTCTGGATAGCGTAACCTCCTCTGAAAGCTTTGCCTCCTCCGGTTTTCAGGAAGATAAATCGCTGTCTGATGTTGAAGAAGAAGAAGATAGCGATGGTTTTTATAAAGAACCGATCACCATGGAAGATCTGATCTCTTACAGCTTCCAGGTTGCGCGTGGAATGGAATTCCTTTCCTCACGTAAATGCATTCACCGCGATCTGGCGGCGCGTAATATTCTGCTGTCTGAAAACAACGTGGTGAAAATCTGCGATTTTGGTCTGGCGCGTGATATCTACAAAAATCCGGATTATGTGCGTAAAGGCGATACCCGTCTGCCGCTGAAATGGATGGCGCCGGAATCAATTTTCGATAAAATTTACTCCACCAAATCTGATGTCTGGTCTTATGGCGTACTGCTGTGGGAAATTTTCTCGCTGGGCGGTTCGCCGTATCCGGGTGTGCAGATGGATGAAGATTTCTGCTCCCGTCTGCGTGAAGGGATGCGTATGCGTGCGCCGGAATACTCCACGCCGGAAATTTATCAGATCATGCTGGATTGCTGGCATCGTGATCCGAAAGAGCGTCCGCGTTTTGCTGAACTGGTGGAAAAACTGGGCGATCTGCTGCAGGCTAACGTGCAGCAGGATGGTAAAGATTATATCCCGATTAACGCCATTCTGACCGGTAACAGCGGTTTTACCTACTCCACGCCGGCATTCAGCGAAGATTTCTTCAAAGAATCCATCTCTGCACCGAAATTTAACTCCGGTTCCTCTGATGATGTGCGTTATGTTAATGCCTTTAAATTTATGTCGCTGGAACGTATCAAAACCTTTGAAGAACTGCTGCCGAATGCCACCTCAATGTTTGATGATTATCAGGGCGATTCCTCAACGCTGCTGGCATCGCCGATGCTGAAACGCTTTACCTGGACCGACAGCAAACCGAAAGCCTCACTGAAAATCGATCTGCGCGTAACCTCAAAATCAAAAGAATCCGGTCTGTCTGATGTCTCCCGTCCGTCATTCTGCCACTCCTCCTGCGGTCATGTCAGCGAAGGTAAACGCCGTTTTACCTATGACCATGCTGAACTGGAACGTAAAATTGCCTGCTGCTCGCCGCCGCCGGATTACAACAGCGTGGTGCTGTACTCCACGCCGCCGATTTGA
GSK3B_dna.fasta,0.89,52.65%,0% ,1,0,ATGTCTGGTCGTCCGCGTACCACCTCATTTGCTGAATCCTGCAAACCGGTACAGCAGCCGTCGGCATTTGGTTCGATGAAAGTCAGCCGTGATAAAGATGGTAGCAAAGTCACCACCGTGGTTGCAACGCCGGGTCAGGGGCCGGATCGTCCGCAGGAAGTCAGCTATACCGATACCAAAGTGATTGGTAACGGTTCGTTTGGTGTGGTTTATCAGGCAAAACTGTGCGACAGCGGTGAACTGGTGGCGATTAAAAAAGTGTTGCAGGATAAACGCTTTAAAAACCGTGAATTGCAGATCATGCGTAAACTGGATCACTGCAATATTGTTCGTCTGCGTTATTTCTTCTACTCCTCCGGTGAAAAAAAAGATGAAGTTTATCTGAATCTGGTGCTGGATTATGTTCCGGAAACCGTTTATCGCGTTGCGCGTCATTACAGCCGCGCAAAACAGACGCTGCCGGTGATTTATGTGAAACTGTATATGTATCAGCTGTTCCGCTCGCTGGCGTATATTCACTCTTTTGGTATTTGCCACCGCGATATCAAACCGCAGAACCTGCTGCTGGATCCGGATACCGCGGTACTGAAACTGTGCGATTTTGGTTCGGCAAAACAGCTGGTGCGTGGTGAACCGAACGTCAGCTATATCTGCAGCCGTTATTACCGCGCACCGGAACTGATTTTTGGTGCAACCGATTACACCTCATCTATTGATGTCTGGTCTGCAGGTTGCGTACTGGCAGAACTGCTGCTGGGGCAGCCGATTTTCCCGGGTGATAGCGGTGTTGATCAGCTGGTGGAAATTATCAAAGTGCTGGGTACGCCGACGCGTGAGCAGATCCGTGAAATGAACCCGAACTACACCGAATTTAAATTCCCGCAGATTAAAGCGCATCCGTGGACAAAAGACTCCTCCGGTACCGGTCATTTTACCTCCGGTGTGCGCGTGTTCCGTCCGCGTACGCCGCCGGAAGCGATTGCGCTGTGCTCCCGTCTGCTGGAATATACGCCAACCGCGCGTCTGACGCCGCTGGAAGCCTGCGCGCACAGCTTCTTTGATGAACTGCGTGATCCGAACGTGAAACTGCCGAACGGTCGTGATACGCCGGCGCTGTTTAACTTCACCACGCAGGAACTTTCCTCAAACCCGCCGCTGGCAACCATTCTGATTCCGCCGCATGCGCGTATTCAGGCTGCAGCATCAACGCCAACCAACGCCACCGCTGCAAGCGATGCCAATACCGGTGATCGCGGGCAGACCAACAACGCTGCATCTGCCTCAGCCAGCAACAGCACCTGA
HPDF_dna.fasta,0.92,62.31%,0% ,0,0,GAAGGTCCGGCGCTGGGGCGTAGCTACTGGCGTCATCTGCGTCGTCTGGTGCTGGGGCCGCCGGAACCGCCGTTCAGCCATGTTTGCCAGGTTGGCGATCCGGTACTGCGTGGTGTTGCTGCACCGGTTGAACGTGCGCAGCTGGGCGGTCCGGAACTGCAGCGTCTGACGCAGCGTCTGGTGCAGGTGATGCGTCGTCGTCGTTGCGTTGGGCTGTCTGCACCGCAGCTGGGCGTGCCGCGTCAGGTGCTGGCGCTGGAACTGCCGGAAGCGCTGTGCCGTGAATGCCCGCCGCGTCAGCGTGCGCTGCGTCAGATGGAACCGTTCCCGCTGCGCGTGTTTGTCAATCCGTCACTGCGCGTGCTGGATAGCCGTCTGGTGACCTTCCCGGAAGGTTGCGAAAGCGTTGCAGGTTTTCTGGCTTGCGTGCCGCGTTTTCAGGCGGTACAGATCTCCGGTCTGGATCCGAACGGTGAGCAGGTGGTCTGGCAGGCATCCGGCTGGGCGGCGCGTATTATTCAGCATGAAATGGATCATCTGCAGGGCTGCCTGTTTATCGATAAAATGGATAGCCGTACCTTTACCAACGTCTACTGGATGAAAGTTAACGATTGA
JUN_dna.fasta,0.88,56.60%,0% ,0,0,ATGACCGCAAAAATGGAAACCACCTTTTATGATGATGCGCTGAATGCCTCATTTCTGCCGTCAGAATCCGGTCCGTATGGTTACAGCAACCCGAAAATCCTGAAACAGTCGATGACGCTGAATCTGGCTGATCCGGTTGGTTCGCTGAAACCGCATCTGCGCGCGAAAAACAGCGATCTGCTGACCTCGCCGGATGTTGGTCTGCTGAAACTGGCATCGCCGGAACTGGAACGTCTGATTATTCAGTCCAGCAACGGTCATATCACCACCACGCCAACGCCGACGCAGTTCCTGTGCCCGAAAAACGTCACCGATGAGCAGGAAGGTTTTGCTGAAGGTTTTGTCCGCGCGCTGGCAGAACTGCACAGCCAGAACACGCTGCCGTCAGTAACCTCTGCAGCACAGCCGGTTAACGGTGCAGGAATGGTTGCGCCGGCGGTTGCTAGCGTTGCTGGTGGTTCCGGTTCCGGCGGTTTCTCCGCCTCGCTGCACAGCGAACCGCCGGTTTATGCCAACCTGAGCAACTTTAACCCGGGTGCGCTGTCCTCCGGTGGTGGTGCACCGTCTTATGGTGCAGCAGGGCTGGCATTCCCGGCACAGCCGCAGCAGCAGCAGCAACCGCCGCATCATCTGCCGCAGCAGATGCCGGTACAGCATCCGCGTCTGCAGGCGCTGAAAGAAGAGCCGCAGACCGTGCCGGAAATGCCGGGTGAAACGCCGCCGCTGTCGCCGATTGATATGGAAAGCCAGGAGCGTATTAAAGCAGAACGTAAACGCATGCGTAACCGTATTGCTGCCAGCAAATGCCGTAAACGTAAACTGGAACGTATTGCCCGTCTGGAAGAAAAAGTGAAAACGCTGAAAGCGCAGAACAGCGAACTGGCATCAACCGCTAATATGCTGCGTGAACAGGTGGCGCAGCTGAAACAGAAAGTGATGAACCATGTTAACTCCGGTTGCCAGCTGATGCTGACGCAGCAATTGCAAACCTTCTGA
KIF11_dna.fasta,0.90,46.74%,0% ,3,0,ATGGCAAGCCAGCCGAACTCCTCAGCAAAAAAAAAAGAAGAAAAAGGTAAAAATATTCAGGTGGTGGTGCGTTGCCGTCCGTTTAACCTGGCTGAACGTAAAGCCTCGGCACATTCCATTGTTGAATGCGATCCGGTACGTAAAGAAGTTTCCGTACGTACCGGCGGGCTGGCAGATAAATCCTCACGTAAAACCTACACCTTTGATATGGTGTTTGGTGCATCAACCAAACAGATTGATGTTTATCGCTCGGTGGTTTGCCCGATTCTGGATGAAGTGATTATGGGTTATAACTGCACCATTTTTGCTTATGGTCAGACCGGAACCGGTAAAACCTTCACCATGGAAGGTGAACGTTCGCCGAATGAAGAATATACCTGGGAAGAAGATCCGCTGGCAGGGATTATCCCGCGTACGCTGCATCAGATTTTTGAAAAACTGACCGATAACGGTACTGAATTCAGCGTAAAAGTCTCGCTGCTGGAAATTTACAACGAAGAGCTGTTTGATCTGCTGAATCCGTCCTCTGATGTCAGCGAACGTTTGCAGATGTTTGATGATCCGCGTAATAAACGCGGCGTGATTATCAAAGGGCTGGAAGAAATCACCGTGCATAATAAAGATGAAGTTTATCAGATTCTGGAAAAAGGTGCAGCAAAACGTACCACCGCAGCAACGCTGATGAACGCTTACTCCTCCCGTTCACATAGCGTATTCTCCGTAACCATTCATATGAAAGAAACCACCATTGATGGTGAAGAACTGGTGAAAATCGGTAAACTGAATCTGGTCGATCTGGCAGGTAGCGAAAATATTGGTCGTTCCGGTGCGGTTGATAAACGCGCGCGTGAAGCGGGTAATATCAATCAGTCGCTGCTGACGCTGGGGCGCGTGATTACCGCGCTGGTTGAGCGTACGCCGCATGTTCCGTATCGTGAAAGCAAACTGACGCGCATTCTGCAGGATTCGCTGGGCGGGCGTACCCGCACCTCAATTATCGCCACCATCTCTCCGGCATCGCTGAATCTGGAAGAAACGCTGTCCACGCTGGAATATGCGCATCGCGCGAAAAATATTCTGAATAAACCGGAAGTTAATCAGAAACTGACCAAAAAAGCGCTGATTAAAGAATATACCGAAGAAATTGAACGTCTGAAACGCGATCTGGCGGCAGCGCGTGAAAAAAACGGCGTTTATATCAGCGAAGAAAACTTCCGCGTGATGAGCGGTAAACTGACCGTGCAGGAAGAGCAGATTGTTGAACTGATTGAAAAAATTGGTGCAGTTGAAGAAGAGCTGAACCGCGTAACCGAACTGTTTATGGATAATAAAAATGAACTGGATCAGTGCAAATCTGATTTGCAAAACAAAACGCAGGAACTGGAAACCACGCAAAAACATCTGCAGGAAACCAAACTGCAACTGGTGAAAGAAGAATATATCACCTCAGCGCTGGAAAGCACCGAAGAAAAACTGCATGATGCTGCAAGCAAACTGCTGAATACCGTTGAAGAAACCACCAAAGATGTCTCCGGTCTGCACAGCAAACTGGATCGTAAAAAAGCGGTTGATCAGCACAACGCTGAAGCGCAGGATATCTTCGGTAAAAATCTGAACAGCCTGTTTAACAATATGGAAGAGCTGATTAAAGATGGTTCCTCAAAACAAAAAGCGATGCTGGAAGTGCATAAAACGCTGTTTGGTAATCTGCTTTCCTCCTCCGTTTCGGCGCTGGATACCATCACCACCGTTGCGCTGGGTTCGCTGACCTCAATTCCGGAAAACGTCAGCACCCATGTCAGCCAGATCTTTAATATGATCCTGAAAGAGCAGTCGCTGGCGGCAGAAAGCAAAACCGTATTGCAGGAACTGATTAACGTGCTGAAAACCGATCTGCTTTCCTCGCTGGAAATGATTCTCTCGCCGACGGTGGTCTCCATCCTGAAAATCAACAGCCAGCTGAAACATATCTTCAAAACCTCACTGACCGTTGCAGATAAAATTGAAGATCAGAAAAAAGAACTGGATGGTTTCCTGTCCATTCTGTGCAATAATCTGCATGAACTGCAGGAAAACACCATCTGCTCGCTGGTTGAAAGCCAGAAACAGTGCGGTAACCTGACCGAAGATCTGAAAACCATCAAACAGACCCACAGCCAGGAACTGTGCAAACTGATGAACCTGTGGACCGAACGTTTCTGCGCGCTGGAAGAAAAATGCGAAAATATTCAGAAACCGCTTTCCTCTGTACAGGAAAATATTCAGCAAAAAAGCAAAGATATCGTCAATAAAATGACCTTCCACAGCCAGAAATTCTGCGCTGATAGCGATGGTTTCAGCCAGGAACTGCGTAACTTTAACCAGGAAGGAACCAAACTGGTTGAAGAAAGCGTAAAACACAGCGATAAACTGAATGGTAACCTGGAAAAAATCAGCCAGGAAACCGAACAGCGTTGCGAATCGCTGAATACCCGCACCGTTTATTTCAGCGAACAGTGGGTTTCCTCGCTGAATGAACGTGAGCAGGAACTGCATAACCTGCTGGAAGTGGTTAGCCAGTGCTGCGAAGCCTCCTCCTCTGATATCACCGAAAAAAGCGATGGGCGTAAAGCTGCGCATGAAAAACAGCATAATATTTTCCTGGATCAGATGACCATTGATGAAGATAAACTGATTGCGCAGAACCTGGAACTGAATGAAACCATCAAAATCGGTCTGACCAAACTGAACTGCTTCCTGGAACAGGATCTGAAACTGGATATCCCGACCGGAACCACGCCGCAGCGTAAAAGCTATCTGTATCCGTCAACGCTGGTGCGTACCGAACCGCGTGAGCATCTGCTGGATCAGCTGAAACGTAAACAGCCGGAACTGCTGATGATGCTGAACTGCAGCGAAAACAATAAAGAAGAAACCATTCCGGATGTTGATGTTGAAGAAGCGGTACTGGGGCAGTATACCGAAGAACCGCTGTCGCAGGAACCGTCTGTTGATGCTGGTGTTGATTGCTCCTCTATTGGCGGTGTGCCGTTCTTCCAGCATAAAAAAAGCCACGGTAAAGATAAAGAAAACCGCGGTATCAACACGCTGGAACGTAGCAAAGTTGAAGAAACCACCGAACATCTGGTGACCAAATCACGTCTGCCGCTGCGTGCGCAGATCAACCTGTGA
LAMP1_dna.fasta,0.88,52.46%,0% ,1,4,ATGGCTGCACCGGGTTCGGCGCGTCGTCCGCTGCTGCTGCTGCTGCTGCTGCTGCTGCTGGGGCTGATGCACTGCGCCTCTGCGGCGATGTTTATGGTGAAAAACGGTAACGGTACCGCGTGTATTATGGCTAACTTCTCTGCCGCATTCAGCGTAAATTACGACACCAAATCCGGTCCGAAAAATATGACCTTTGATCTGCCGTCTGATGCAACGGTGGTGCTGAACCGCTCCTCCTGCGGTAAAGAAAACACCTCTGATCCGTCGCTGGTGATTGCCTTTGGTCGTGGTCATACGCTGACGCTGAATTTCACCCGTAATGCCACGCGTTACAGCGTACAGCTGATGTCGTTTGTCTATAACCTGTCTGATACCCATCTGTTCCCGAATGCCAGCTCAAAAGAAATCAAAACCGTTGAAAGCATTACCGATATCCGCGCTGATATCGATAAAAAATATCGCTGCGTTTCCGGTACGCAGGTGCATATGAACAACGTCACCGTCACGCTGCATGATGCAACCATTCAGGCTTATCTGTCAAACTCCTCATTCTCCCGTGGTGAAACCCGTTGCGAACAGGATCGTCCGTCGCCGACCACCGCACCGCCGGCACCGCCGTCACCGTCACCGTCACCGGTACCGAAATCGCCGTCTGTTGATAAATATAACGTCTCCGGTACCAACGGTACCTGCCTGCTGGCATCAATGGGGTTGCAACTGAATCTGACCTATGAACGTAAAGATAACACCACCGTAACCCGTCTGCTGAATATCAACCCGAATAAAACCTCTGCCTCCGGTTCCTGCGGTGCGCATCTGGTGACGCTGGAACTGCACAGCGAAGGTACCACCGTACTGCTGTTTCAGTTTGGTATGAACGCCTCCTCCTCACGTTTTTTCCTGCAGGGGATTCAGCTGAATACCATTCTGCCGGATGCGCGTGATCCGGCATTTAAAGCTGCTAACGGTTCGCTGCGCGCGCTGCAGGCAACGGTTGGTAACAGCTATAAATGCAACGCTGAAGAGCATGTGCGCGTGACCAAAGCATTCAGCGTAAATATCTTCAAAGTCTGGGTGCAGGCGTTTAAAGTTGAAGGCGGGCAGTTTGGTAGCGTTGAAGAATGCCTGCTGGATGAAAACAGCATGCTGATTCCGATTGCTGTTGGTGGTGCGCTGGCAGGGCTGGTGCTGATTGTGCTGATTGCTTATCTGGTTGGGCGTAAACGCAGCCATGCCGGTTATCAGACCATTTGA
LCK_dna.fasta,0.91,51.32%,0% ,0,0,ATGGGCTGCGGTTGCTCCTCACATCCGGAAGATGACTGGATGGAAAATATTGATGTTTGCGAAAACTGCCACTATCCGATTGTTCCGCTGGATGGTAAAGGCACGCTGCTGATCCGTAACGGTAGCGAAGTGCGTGATCCGCTGGTGACCTATGAAGGTAGCAACCCGCCGGCATCGCCGCTGCAGGATAACCTGGTGATTGCGCTGCACAGCTATGAACCGTCACATGATGGCGATCTGGGTTTTGAAAAAGGTGAGCAGCTGCGTATTCTGGAACAGTCCGGTGAATGGTGGAAAGCGCAGTCGCTGACCACCGGGCAGGAAGGTTTTATTCCGTTTAACTTTGTCGCAAAAGCCAACAGCCTGGAACCGGAACCGTGGTTTTTCAAAAATCTGTCCCGTAAAGATGCTGAACGTCAGCTGCTGGCGCCGGGTAATACCCACGGTTCGTTCCTGATCCGTGAAAGCGAAAGCACCGCAGGTTCGTTCTCGCTGTCTGTGCGTGATTTTGATCAGAACCAGGGTGAAGTGGTGAAACACTACAAAATCCGTAATCTGGATAACGGCGGTTTTTATATCTCACCGCGTATCACCTTCCCGGGTCTGCATGAACTGGTGCGTCACTACACCAACGCCAGCGATGGTCTGTGCACCCGTCTGTCCCGTCCGTGCCAGACGCAAAAACCGCAAAAACCGTGGTGGGAAGATGAATGGGAAGTGCCGCGTGAAACGCTGAAACTGGTTGAACGTCTGGGTGCAGGGCAGTTTGGTGAAGTCTGGATGGGTTATTACAACGGTCATACCAAAGTGGCGGTAAAATCGCTGAAACAGGGTTCGATGTCGCCGGATGCTTTCCTGGCTGAAGCTAACCTGATGAAACAGTTGCAGCATCAGCGTCTGGTGCGTCTGTATGCGGTGGTGACGCAGGAACCGATTTATATCATCACCGAATATATGGAAAACGGTTCGCTGGTTGATTTCCTGAAAACGCCGTCCGGTATTAAACTGACCATCAATAAACTGCTGGATATGGCGGCGCAGATTGCTGAAGGGATGGCGTTTATTGAAGAGCGTAACTATATTCACCGCGATCTGCGCGCGGCAAATATTCTGGTCAGCGATACGCTGTCCTGCAAAATTGCCGATTTTGGTCTGGCGCGTCTGATTGAAGATAACGAATATACCGCGCGTGAAGGTGCAAAATTCCCGATCAAATGGACCGCACCGGAAGCGATTAACTACGGCACCTTCACCATTAAATCTGATGTCTGGTCATTTGGTATTCTGCTGACCGAAATTGTCACCCACGGTCGTATTCCTTATCCGGGAATGACCAACCCGGAAGTGATTCAGAACCTGGAACGTGGTTATCGTATGGTGCGTCCGGATAACTGCCCGGAAGAGCTGTATCAGCTGATGCGTCTGTGCTGGAAAGAGCGTCCGGAAGATCGTCCGACCTTTGATTATCTGCGTAGCGTACTGGAAGATTTCTTCACCGCAACCGAAGGGCAGTATCAGCCGCAGCCGTGA
LEMD3_dna.fasta,0.89,54.27%,0% ,1,1,ATGGCTGCTGCTGCAGCAAGCGCACCGCAGCAACTTTCTGATGAAGAGCTGTTCAGCCAGCTGCGTCGTTATGGTCTGTCGCCGGGTCCGGTAACCGAATCCACCCGTCCGGTTTATCTGAAAAAACTGAAAAAACTGCGTGAAGAAGAGCAGCAGCAGCATCGTTCCGGTGGGCGTGGTAATAAAACCCGTAACAGCAATAATAATAATACCGCTGCAGCAACGGTTGCTGCTGCAGGTCCGGCTGCTGCTGCAGCAGCAGGGATGGGCGTGCGTCCGGTTTCCGGCGATCTGTCTTATCTGCGTACGCCGGGCGGTCTGTGCCGTATCTCTGCCTCCGGTCCGGAATCGCTGCTGGGCGGTCCGGGTGGTGCATCGGCTGCACCGGCAGCAGGTAGCAAAGTGCTGCTGGGTTTCTCCTCTGATGAAAGCGATGTTGAAGCCTCGCCGCGCGATCAGGCTGGTGGCGGTGGGCGTAAAGATCGCGCCTCGCTGCAGTATCGCGGGCTGAAAGCACCGCCGGCACCGCTGGCGGCAAGCGAAGTGACCAACAGCAACAGCGCAGAACGTCGTAAACCGCACTCCTGGTGGGGTGCGCGTCGTCCGGCAGGGCCGGAACTGCAAACGCCGCCGGGTAAAGATGGTGCGGTTGAAGATGAAGAAGGTGAAGGTGAAGATGGTGAAGAGCGTGATCCGGAAACCGAAGAACCGCTGTGGGCAAGCCGTACCGTTAACGGTTCGCGTCTGGTGCCTTACTCCTGCCGTGAAAACTACAGCGACAGCGAAGAAGAAGATGATGATGATGTTGCCTCCTCCCGTCAGGTGCTGAAAGATGACTCGCTGTCCCGTCATCGTCCGCGTCGTACCCACAGCAAACCGCTGCCGCCGCTGACCGCAAAATCTGCAGGTGGTCGTCTGGAAACCAGCGTGCAGGGCGGCGGCGGTCTGGCGATGAACGATCGCGCTGCTGCAGCAGGTTCGCTGGATCGTAGCCGTAATCTGGAAGAAGCTGCTGCAGCAGAACAGGGCGGCGGTTGTGATCAGGTTGATTCCTCGCCGGTACCGCGTTATCGCGTTAATGCGAAAAAACTGACGCCGCTGCTGCCGCCGCCGCTGACCGATATGGACAGCACGCTGGATTCCTCCACCGGTTCGCTGCTGAAAACCAATAACCATATTGGCGGTGGTGCATTTAGCGTTGATTCGCCGCGTATTTACAGCAACTCACTGCCGCCGTCTGCTGCGGTTGCTGCATCCTCCTCACTGCGTATTAACCATGCCAACCATACCGGTAGCAACCATACCTATCTGAAAAATACCTACAACAAACCGAAACTGTCTGAACCGGAAGAAGAGCTGTTGCAGCAGTTTAAACGTGAAGAAGTTTCGCCGACCGGTTCGTTCTCTGCGCATTATCTGTCGATGTTCCTGCTGACCGCTGCTTGTCTGTTTTTCCTGATTCTGGGGCTGACCTATCTGGGGATGCGTGGTACCGGTGTTAGCGAAGATGGTGAACTGTCTATTGAAAACCCGTTTGGTGAAACCTTCGGTAAAATTCAGGAAAGCGAAAAAACGCTGATGATGAATACGCTGTATAAACTGCACGACCGTCTGGCGCAGCTGGCAGGTGATCATGAATGCGGTTCCTCCTCACAGCGTACGCTGTCGGTGCAGGAAGCTGCTGCTTATCTGAAAGATCTGGGGCCGGAATATGAAGGTATTTTCAACACCTCACTGCAGTGGATTCTGGAAAACGGTAAAGATGTTGGTATTCGTTGCGTTGGTTTTGGTCCGGAAGAAGAGCTGACCAATATCACCGATGTGCAGTTCCTGCAATCAACCCGTCCGCTGATGTCGTTCTGGTGCCGTTTCCGTCGCGCGTTTGTCACCGTTACCCACCGTCTGCTGCTGCTGTGCCTGGGTGTGGTGATGGTGTGCGTGGTGCTGCGTTATATGAAATACCGCTGGACAAAAGAAGAAGAAGAAACCCGCCAGATGTATGATATGGTGGTGAAAATTATTGATGTGCTGCGTAGCCATAATGAAGCCTGCCAGGAAAATAAAGATCTGCAGCCGTATATGCCGATTCCGCATGTGCGTGACTCGCTGATTCAGCCGCACGACCGTAAAAAAATGAAAAAAGTCTGGGATCGCGCGGTTGATTTCCTGGCTGCTAATGAAAGCCGCGTACGTACCGAAACCCGCCGTATTGGCGGTGCAGATTTCCTGGTCTGGCGCTGGATTCAGCCGTCAGCCTCATGCGATAAAATTCTGGTGATTCCGTCAAAAGTCTGGCAGGGGCAGGCGTTCCATCTGGATCGTCGTAACTCGCCGCCGAACTCGCTGACGCCGTGCCTGAAAATCCGTAATATGTTTGATCCGGTGATGGAAATTGGCGATCAGTGGCATCTGGCGATTCAGGAAGCGATTCTGGAAAAATGCAGCGATAACGACGGTATTGTTCATATTGCCGTTGATAAAAACAGCCGTGAAGGTTGCGTTTATGTGAAATGCCTGTCGCCGGAATATGCCGGTAAAGCATTTAAAGCGCTGCACGGTAGCTGGTTTGATGGTAAACTGGTGACGGTGAAATATCTGCGTCTGGATCGTTATCATCACCGTTTCCCGCAGGCGCTGACCAGCAATACGCCGCTGAAACCGTCAAATAAACATATGAACAGCATGAGCCATCTGCGTCTGCGTACCGGACTGACCAACAGCCAGGGTTCCTCATGA
MAPK1_dna.fasta,0.92,45.72%,0% ,1,0,ATGGCTGCTGCTGCTGCAGCAGGTGCAGGGCCGGAAATGGTGCGTGGTCAGGTGTTTGATGTTGGGCCGCGTTATACCAACCTGTCTTATATTGGTGAAGGTGCTTATGGTATGGTGTGCTCTGCTTATGATAACGTCAATAAAGTGCGCGTGGCGATTAAAAAAATCTCGCCGTTTGAACATCAGACCTATTGCCAGCGTACGCTGCGTGAAATCAAAATTCTGCTGCGTTTCCGTCATGAAAATATTATTGGTATTAACGATATTATCCGTGCACCAACCATTGAGCAGATGAAAGATGTTTATATCGTTCAGGATCTGATGGAAACCGATCTGTATAAACTGCTGAAAACGCAGCATCTGTCTAATGATCATATCTGCTATTTCCTGTATCAGATTCTGCGTGGGCTGAAATATATTCACTCTGCCAACGTGCTGCATCGCGATCTGAAACCGTCAAACCTGCTGCTGAATACCACCTGCGATCTGAAAATCTGCGATTTTGGTCTGGCGCGCGTTGCTGATCCGGATCACGATCATACCGGTTTTCTGACCGAATATGTTGCAACCCGCTGGTATCGCGCGCCGGAAATCATGCTGAACAGCAAAGGTTATACCAAATCAATTGATATCTGGTCTGTTGGTTGTATTCTGGCAGAAATGCTGAGCAACCGTCCGATTTTCCCGGGTAAACATTATCTGGATCAGCTGAACCATATTCTGGGTATTCTGGGTTCGCCGTCACAGGAAGATCTGAACTGCATTATCAACCTGAAAGCGCGTAATTATCTGCTGTCGCTGCCGCATAAAAATAAAGTGCCGTGGAACCGTCTGTTCCCGAATGCCGACAGCAAAGCGCTGGATCTGCTGGATAAAATGCTGACCTTTAACCCGCATAAACGTATTGAAGTTGAGCAGGCGCTGGCGCATCCTTATCTGGAACAGTATTACGATCCGTCTGATGAACCGATTGCTGAAGCGCCGTTTAAATTTGATATGGAACTGGATGATCTGCCGAAAGAAAAACTGAAAGAGCTGATTTTTGAAGAAACCGCGCGTTTTCAGCCGGGTTATCGTTCATGA
MAPKAPK5_dna.fasta,0.93,49.23%,0% ,0,0,ATGAGCGAAGAAAGCGATATGGATAAAGCAATTAAAGAAACCTCAATTCTGGAAGAATACTCCATCAACTGGACGCAAAAACTGGGTGCAGGTATTTCCGGTCCGGTGCGCGTGTGCGTGAAAAAATCAACGCAGGAGCGTTTTGCGCTGAAAATTCTGCTGGATCGTCCGAAAGCGCGTAATGAAGTGCGTCTGCATATGATGTGCGCAACCCATCCGAATATTGTGCAGATTATTGAAGTTTTTGCTAACAGCGTACAGTTCCCGCATGAATCCTCGCCGCGCGCGCGTCTGCTGATTGTGATGGAAATGATGGAAGGCGGTGAACTGTTCCATCGTATCAGCCAGCATCGTCATTTTACCGAAAAACAGGCATCGCAGGTGACCAAACAGATTGCGCTGGCGCTGCGTCATTGCCATCTGCTGAATATTGCCCACCGCGATCTGAAACCGGAAAACCTGCTGTTTAAAGATAACAGCCTGGATGCGCCGGTAAAACTGTGCGATTTTGGTTTTGCGAAAATCGATCAGGGCGATCTGATGACGCCGCAGTTTACGCCTTATTATGTTGCACCGCAGGTGCTGGAAGCGCAGCGTCGTCATCAGAAAGAAAAATCCGGTATTATCCCGACCTCACCAACGCCGTATACCTACAATAAATCCTGCGATCTGTGGTCGCTGGGCGTGATTATTTATGTGATGCTGTGCGGTTATCCGCCGTTTTACAGCAAACATCACAGCCGTACCATTCCGAAAGATATGCGTCGTAAAATCATGACCGGTTCGTTTGAATTCCCGGAAGAAGAGTGGTCGCAGATCAGCGAAATGGCGAAAGATGTGGTGCGTAAACTGCTGAAAGTGAAACCGGAAGAGCGTCTGACCATTGAAGGCGTGCTGGATCATCCGTGGCTGAACAGCACCGAAGCGCTGGATAACGTGCTGCCGTCAGCGCAGCTGATGATGGATAAAGCGGTGGTTGCGGGTATTCAGCAGGCGCATGCTGAACAGCTGGCAAATATGCGTATTCAGGATCTGAAAGTCTCGCTGAAACCGCTGCATAGCGTAAATAACCCGATTCTGCGTAAACGTAAACTGCTGGGCACCAAACCGAAAGACAGCGTTTATATTCACGATCATGAAAACGGTGCAGAAGATAGCAACGTCGCGCTGGAAAAACTGCGCGATGTTATTGCCCAGTGCATTCTGCCGCAGGCAGGTGAAAATGAAGATGAAAAACTGAATGAAGTGATGCAGGAAGCCTGGAAATATAACCGTGAATGCAAACTGCTGCGTGATACGCTGCAATCATTCTCCTGGAATGGTCGTGGTTTTACCGATAAAGTCGATCGTCTGAAACTGGCAGAAATCGTGAAACAGGTGATTGAAGAGCAGACCACCAGCCATGAAAGCCAGTAA
MMPL3_dna.fasta,0.88,56.42%,0% ,2,0,GTGTTTGCCTGGTGGGGGCGTACGGTTTATCGCTATCGCTTTATTGTTATTGGCGTGATGGTGGCGCTGTGCCTGGGCGGCGGTGTGTTTGGTCTGTCGCTGGGTAAACATGTCACGCAGTCCGGTTTTTATGATGATGGTAGCCAGTCGGTACAGGCTTCGGTACTGGGCGATCAGGTTTATGGTCGTGATCGTAGCGGTCATATTGTCGCTATTTTCCAGGCGCCGGCAGGTAAAACCGTTGATGATCCGGCATGGTCAAAAAAAGTGGTTGATGAACTGAACCGTTTCCAGCAGGATCATCCGGATCAGGTGCTGGGCTGGGCGGGTTATCTGCGCGCCAGCCAGGCAACCGGAATGGCAACCGCAGATAAAAAATATACCTTTGTCTCCATTCCGCTGAAAGGCGATGATGATGATACCATTCTGAATAACTACAAAGCAATTGCTCCGGATCTGCAGCGTCTGGATGGCGGTACGGTAAAACTGGCAGGGCTGCAGCCGGTTGCAGAAGCGCTGACCGGAACCATTGCCACCGATCAGCGTCGTATGGAAGTGCTGGCGCTGCCGCTGGTGGCGGTGGTGCTGTTTTTTGTCTTTGGTGGTGTGATTGCTGCAGGTCTGCCGGTGATGGTTGGCGGTCTGTGCATTGCCGGTGCGCTGGGTATTATGCGTTTTCTGGCGATTTTTGGTCCGGTGCATTATTTTGCTCAGCCGGTGGTTTCGCTGATTGGTCTGGGTATTGCTATTGATTACGGTCTGTTTATTGTCTCCCGTTTCCGTGAAGAAATTGCTGAAGGTTATGACACCGAAACCGCGGTACGTCGTACCGTGATCACCGCCGGGCGTACCGTGACCTTCTCTGCCGTACTGATTGTCGCCTCGGCAATTGGTCTGCTGCTGTTCCCGCAGGGTTTCCTGAAATCACTGACCTATGCAACCATTGCCTCGGTGATGCTGTCGGCAATTCTGTCCATTACCGTACTGCCTGCATGTCTGGGTATTCTGGGTAAACATGTTGATGCGCTGGGTGTGCGTACGCTGTTCCGCGTGCCGTTCCTGGCTAACTGGAAAATCTCTGCTGCTTATCTGAACTGGCTGGCTGATCGTCTGCAGCGTACCAAAACGCGTGAAGAAGTTGAAGCTGGTTTCTGGGGTAAACTGGTGAACCGCGTGATGAAACGTCCGGTACTGTTTGCTGCACCGATTGTTATTATTATGATTTTGCTGATTATTCCGGTCGGTAAACTGTCGCTGGGCGGTATTAGCGAAAAATATCTGCCGCCGACCAACAGCGTACGTCAGGCGCAGGAAGAGTTTGATAAACTGTTCCCGGGTTATCGCACCAACCCGCTGACGCTGGTGATTCAGACCAGCAACCATCAGCCGGTGACCGATGCGCAGATTGCCGATATCCGCAGCAAAGCGATGGCGATTGGCGGTTTTATTGAACCGGATAACGATCCGGCAAATATGTGGCAGGAACGTGCTTATGCTGTTGGTGCAAGCAAAGATCCGTCTGTGCGCGTATTGCAAAACGGGCTGATTAACCCGGCTGATGCCAGCAAAAAACTGACCGAACTGCGCGCAATCACGCCGCCGAAAGGTATTACCGTGCTGGTTGGCGGTACGCCGGCGCTGGAACTGGATAGCATTCACGGTCTGTTTGCAAAAATGCCGCTGATGGTGGTGATTCTGCTGACCACCACCATTGTGCTGATGTTCCTGGCGTTTGGTTCGGTGGTGTTGCCGATTAAAGCAACGCTGATGTCGGCGCTGACGCTGGGTTCGACGATGGGGATTCTGACCTGGATTTTTGTTGATGGTCATTTCAGCAAATGGCTGAACTTTACGCCAACGCCGCTGACCGCGCCGGTGATTGGTCTGATTATTGCGCTGGTGTTTGGTCTGTCCACCGATTATGAAGTGTTTCTGGTCAGCCGTATGGTTGAAGCGCGTGAACGCGGAATGAGCACGCAGGAAGCGATTCGTATTGGTACTGCAGCAACCGGGCGTATTATCACCGCTGCAGCGCTGATTGTTGCGGTGGTTGCTGGTGCATTTGTCTTCTCCGATCTGGTGATGATGAAATATCTGGCGTTTGGTCTGATGGCGGCGCTGCTGCTGGATGCAACGGTGGTGCGTATGTTCCTGGTGCCGTCGGTGATGAAACTGCTGGGCGATGATTGCTGGTGGGCACCGCGCTGGGCGCGTCGTCTGCAGACGCGTATTGGTCTGGGTGAAATTCATCTGCCGGATGAACGTAAACGTCCGGTCAGCAACGGTCGTCCGGCGCGTCCGCCGGTAACCGCAGGGCTGGTGGCTGCGCGTGCTGCAGGTGATCCGCGTCCGCCGCACGATCCGACCCATCCGCTGGCAGAATCGCCGCGTCCGGCGCGTTCCTCGCCGGCCTCCTCGCCGGAACTGACGCCGGCGCTGGAAGCAACCGCTGCACCTGCAGCACCGTCCGGTGCATCAACCACGCGCATGCAGATTGGTTCCTCAACCGAACCGCCAACCACGCGTCTGGCGGCAGCAGGGCGTTCGGTACAGTCGCCGGCCTCAACGCCGCCGCCAACGCCAACGCCGCCGTCTGCACCGTCTGCAGGGCAGACGCGCGCGATGCCGCTGGCGGCAAACCGCTCAACCGATGCTGCAGGTGATCCGGCAGAACCGACGGCTGCGCTGCCGATTATCCGTTCTGATGGCGATGACAGCGAAGCTGCAACCGAACAGCTGAATGCCCGTGGTACCAGCGATAAAACCCGTCAGCGTCGTCGTGGCGGCGGTGCGCTGTCTGCGCAGGATCTGCTGCGTCGTGAAGGGCGTCTGTGA
NGFR_dna.fasta,0.90,58.42%,0% ,0,1,ATGGGCGCAGGTGCAACCGGTCGCGCGATGGATGGTCCGCGTCTGCTGCTGCTGCTGCTGCTGGGCGTTTCGCTGGGCGGTGCAAAAGAAGCCTGCCCGACCGGGCTGTATACCCACTCCGGTGAATGCTGCAAAGCCTGTAACCTGGGTGAAGGTGTGGCGCAGCCGTGCGGTGCAAACCAGACCGTTTGCGAACCGTGCCTGGATAGCGTGACCTTCTCTGATGTGGTTTCGGCAACCGAACCGTGCAAACCGTGCACTGAATGCGTTGGGCTGCAATCGATGTCTGCACCGTGCGTTGAAGCTGATGATGCCGTTTGCCGTTGCGCTTATGGTTATTATCAGGATGAAACCACCGGTCGTTGCGAAGCCTGCCGCGTGTGCGAAGCTGGTAGCGGTCTGGTGTTCTCCTGCCAGGATAAACAGAACACCGTTTGCGAAGAATGCCCGGATGGTACCTACAGCGATGAAGCTAACCATGTTGATCCGTGCCTGCCGTGCACCGTTTGCGAAGATACCGAGCGTCAGCTGCGTGAATGCACCCGCTGGGCTGATGCTGAATGTGAAGAAATCCCGGGTCGCTGGATCACCCGCTCAACGCCGCCGGAAGGTAGCGACAGCACCGCACCGTCAACGCAGGAACCGGAAGCGCCGCCGGAACAGGATCTGATTGCCTCAACCGTTGCTGGTGTGGTGACCACGGTGATGGGTTCCTCGCAGCCGGTGGTGACCCGCGGAACCACCGATAACCTGATTCCGGTTTATTGCTCCATTCTGGCTGCGGTGGTGGTTGGGCTGGTGGCTTATATCGCCTTTAAACGCTGGAACAGCTGCAAACAGAATAAACAGGGTGCAAACAGCCGTCCGGTAAATCAGACGCCGCCGCCGGAAGGTGAAAAACTGCACTCTGACTCCGGTATTTCTGTTGATAGCCAGTCGCTGCATGATCAGCAGCCGCATACCCAGACCGCCAGCGGTCAGGCGCTGAAAGGCGATGGCGGGCTGTATTCCTCACTGCCGCCGGCAAAACGTGAAGAAGTTGAAAAACTGCTGAACGGTTCTGCAGGTGATACCTGGCGTCATCTGGCAGGTGAACTGGGTTATCAGCCGGAGCATATCGACAGCTTTACCCATGAAGCCTGCCCGGTACGCGCGCTGCTGGCAAGCTGGGCAACGCAGGATAGCGCAACGCTGGATGCGCTGCTGGCGGCGCTGCGTCGTATTCAGCGTGCTGATCTGGTTGAATCGCTGTGCTCTGAATCAACCGCAACCTCGCCGGTTTGA
NOC2L_dna.fasta,0.89,53.11%,0% ,1,1,ATGGCTGCAGCAGGTAGCCGTAAACGCCGTCTGGCAGAACTGACCGTTGATGAATTCCTGGCTTCCGGTTTTGACAGCGAAAGCGAAAGCGAAAGCGAAAACAGCCCGCAGGCAGAAACGCGTGAAGCGCGTGAAGCGGCGCGTTCGCCGGATAAACCGGGCGGTTCGCCGTCAGCCAGCCGTCGTAAAGGGCGTGCCAGCGAGCATAAAGATCAGCTTTCGCGTCTGAAAGATCGCGATCCGGAATTTTATAAATTCCTGCAGGAAAACGATCAGTCGCTGCTGAATTTCTCTGACAGCGACTCCTCTGAAGAAGAAGAAGGGCCGTTCCACTCACTGCCGGATGTGCTGGAAGAAGCCAGCGAAGAAGAAGATGGTGCAGAAGAAGGTGAAGATGGCGATCGCGTGCCGCGTGGGCTGAAAGGAAAAAAAAACAGCGTGCCGGTAACGGTGGCGATGGTTGAACGCTGGAAACAGGCGGCAAAACAGCGTCTGACGCCGAAACTGTTCCATGAAGTGGTGCAGGCGTTCCGCGCTGCGGTGGCAACCACGCGCGGCGATCAGGAAAGCGCAGAAGCTAATAAATTCCAGGTGACCGACAGCGCTGCATTTAACGCGCTGGTGACCTTCTGCATCCGCGATCTGATTGGCTGCCTGCAAAAACTGCTGTTTGGTAAAGTGGCAAAAGACTCCTCCCGCATGCTGCAGCCGTCCTCCTCGCCGCTGTGGGGAAAACTGCGCGTTGATATCAAAGCTTATCTGGGTTCGGCAATTCAGCTGGTCTCCTGCCTGTCTGAAACCACCGTACTGGCGGCGGTACTGCGTCATATCTCTGTACTGGTGCCGTGCTTCCTGACCTTCCCGAAACAGTGCCGTATGCTGCTGAAACGCATGGTGATCGTCTGGTCAACCGGTGAAGAATCGCTGCGCGTACTGGCGTTTCTGGTGCTGTCCCGCGTTTGCCGTCATAAAAAAGATACCTTCCTCGGTCCGGTACTGAAACAGATGTATATCACCTATGTGCGTAACTGCAAATTTACCTCGCCGGGTGCGCTGCCGTTTATCAGCTTTATGCAGTGGACGCTGACCGAACTGCTGGCGCTGGAACCGGGTGTTGCTTATCAGCATGCCTTTCTGTATATCCGCCAGCTGGCGATTCATCTGCGTAATGCGATGACCACGCGTAAAAAAGAAACCTATCAGAGCGTTTATAACTGGCAGTATGTTCATTGCCTGTTTCTGTGGTGCCGCGTACTGTCCACCGCAGGTCCGTCTGAAGCGCTGCAGCCGCTGGTTTATCCGCTGGCGCAGGTGATTATCGGTTGCATCAAACTGATTCCGACCGCGCGTTTTTATCCGCTGCGTATGCACTGCATCCGCGCGCTGACGCTGCTGTCCGGTTCCTCCGGTGCATTTATTCCGGTACTGCCGTTTATTCTGGAAATGTTCCAGCAGGTTGATTTTAACCGTAAACCGGGGCGTATGAGCTCAAAACCGATTAACTTCTCCGTGATTCTGAAACTGTCTAACGTCAATCTGCAGGAAAAAGCTTATCGCGATGGTCTGGTTGAGCAGCTGTATGATCTGACGCTGGAATATCTGCACAGCCAGGCGCATTGCATTGGTTTCCCGGAACTGGTGCTGCCGGTGGTGTTGCAACTGAAATCATTTCTGCGTGAATGCAAAGTGGCTAACTATTGCCGTCAGGTGCAGCAGTTGCTGGGTAAAGTGCAGGAAAACAGCGCTTATATCTGCTCCCGTCGTCAGCGCGTTTCGTTTGGTGTTAGCGAGCAGCAGGCGGTTGAAGCCTGGGAAAAACTGACGCGTGAAGAAGGTACGCCGCTGACGCTGTATTACTCCCACTGGCGTAAACTGCGTGATCGTGAAATTCAGCTGGAAATCTCCGGTAAAGAGCGTCTGGAAGATCTGAATTTCCCGGAAATCAAACGCCGTAAAATGGCTGATCGTAAAGATGAAGATCGTAAACAGTTTAAAGATCTGTTTGATCTGAACTCCTCTGAAGAAGATGATACCGAAGGTTTCAGCGAACGCGGTATTCTGCGTCCGCTGTCCACGCGTCACGGTGTTGAAGATGATGAAGAAGATGAAGAAGAAGGTGAAGAAGATTCCAGCAACAGCGAAGATGGCGATCCGGATGCTGAAGCTGGGCTGGCGCCGGGTGAACTGCAGCAACTGGCGCAGGGGCCGGAAGATGAACTGGAAGATCTGCAACTTTCTGAAGATGATTGA
NPR1_dna.fasta,0.90,54.02%,0% ,1,1,ATGCCGGGTCCGCGTCGTCCGGCAGGTTCGCGTCTGCGTCTGCTGCTGCTGCTGCTGCTGCCGCCGCTGCTGCTGCTGCTGCGTGGTAGCCATGCCGGTAACCTGACCGTTGCGGTGGTGCTGCCGCTGGCAAATACCAGCTATCCGTGGTCATGGGCGCGCGTTGGTCCGGCGGTTGAACTGGCGCTGGCGCAGGTGAAAGCGCGTCCGGATCTGCTGCCGGGCTGGACGGTGCGTACCGTACTGGGTTCCAGCGAAAACGCGCTGGGTGTTTGCTCTGATACCGCTGCACCGCTGGCGGCGGTTGATCTGAAATGGGAGCATAACCCGGCGGTATTTCTGGGTCCGGGTTGCGTTTATGCTGCTGCACCGGTTGGGCGTTTTACCGCCCACTGGCGCGTACCGCTGCTGACCGCTGGTGCACCGGCGCTGGGTTTTGGTGTAAAAGATGAATATGCGCTGACCACCCGCGCTGGGCCGTCTTATGCAAAACTGGGCGATTTTGTCGCTGCGCTGCATCGTCGTCTGGGCTGGGAGCGTCAGGCGCTGATGCTGTATGCTTATCGTCCGGGTGATGAAGAGCACTGCTTTTTCCTGGTTGAAGGGCTGTTTATGCGCGTGCGTGATCGTCTGAATATTACCGTTGATCATCTGGAATTTGCTGAAGATGATCTGAGCCACTACACCCGTCTGCTGCGTACCATGCCGCGTAAAGGGCGCGTGATTTATATCTGCTCCTCGCCGGATGCTTTCCGCACGCTGATGCTGCTGGCGCTGGAAGCAGGTCTGTGCGGTGAAGATTATGTCTTCTTCCATCTGGATATTTTCGGTCAGTCGCTGCAGGGCGGTCAGGGGCCGGCACCGCGTCGTCCGTGGGAGCGTGGCGATGGTCAGGATGTTAGCGCGCGTCAGGCGTTCCAGGCGGCAAAAATTATCACCTATAAAGATCCGGATAACCCGGAATATCTGGAATTCCTGAAACAGCTGAAACATCTGGCTTATGAACAGTTTAACTTCACCATGGAAGATGGTCTGGTGAATACCATTCCTGCCTCATTCCACGACGGTCTGCTGCTGTATATTCAGGCGGTAACCGAAACGCTGGCGCACGGCGGTACGGTGACCGATGGTGAAAATATCACCCAGCGTATGTGGAACCGCTCATTCCAGGGCGTGACCGGTTATCTGAAAATCGACTCCTCTGGTGATCGTGAAACCGATTTCTCGCTGTGGGATATGGATCCGGAAAACGGTGCATTCCGCGTGGTGCTGAATTACAACGGTACCAGCCAGGAACTGGTGGCGGTTTCCGGGCGTAAACTGAACTGGCCGCTGGGTTATCCGCCGCCGGATATCCCGAAATGCGGTTTTGATAACGAAGATCCGGCCTGTAATCAGGATCATCTGTCCACGCTGGAAGTGCTGGCGCTGGTTGGTTCGCTGTCGCTGCTGGGGATTCTGATTGTCAGCTTCTTTATTTATCGTAAAATGCAGCTGGAAAAAGAGCTGGCAAGCGAACTGTGGCGCGTACGCTGGGAAGATGTTGAACCGTCATCGCTGGAACGTCATCTGCGTTCTGCAGGTTCGCGTCTGACGCTGTCCGGTCGTGGTAGCAACTACGGTTCGCTGCTGACCACCGAAGGGCAGTTCCAGGTTTTTGCCAAAACCGCTTATTACAAAGGTAACCTGGTGGCGGTAAAACGCGTAAACCGTAAACGTATTGAACTGACCCGTAAAGTGCTGTTTGAACTGAAACATATGCGTGATGTGCAGAATGAACATCTGACCCGTTTTGTCGGTGCATGTACCGATCCGCCGAATATCTGCATTCTGACCGAATATTGCCCGCGTGGTTCGCTGCAGGATATTCTGGAAAACGAATCCATCACGCTGGACTGGATGTTCCGTTATTCACTGACCAACGATATCGTTAAAGGGATGCTGTTTCTGCATAACGGTGCAATTTGCAGCCACGGTAATCTGAAATCCAGCAACTGCGTGGTTGATGGTCGTTTTGTGCTGAAAATCACCGATTATGGTCTGGAAAGCTTCCGCGATCTGGATCCGGAGCAGGGGCATACCGTTTATGCAAAAAAACTGTGGACCGCACCGGAACTGCTGCGTATGGCATCGCCGCCGGTACGTGGTTCGCAGGCTGGTGATGTTTATAGCTTTGGTATTATTCTGCAGGAAATCGCGCTGCGTTCCGGTGTGTTCCATGTTGAAGGGCTGGATCTGTCGCCGAAAGAAATTATTGAACGCGTGACGCGTGGTGAGCAGCCGCCGTTCCGTCCGTCGCTGGCGCTGCAATCGCATCTGGAAGAACTGGGTCTGCTGATGCAGCGTTGCTGGGCAGAAGATCCGCAGGAGCGTCCGCCGTTCCAGCAGATCCGTCTGACGCTGCGTAAATTTAACCGTGAAAACAGCAGCAATATTCTGGATAACCTGCTGTCGCGTATGGAGCAGTATGCCAATAACCTGGAAGAACTGGTTGAAGAGCGTACGCAGGCTTATCTGGAAGAAAAACGTAAAGCAGAAGCGCTGCTGTATCAGATTCTGCCGCACTCCGTTGCAGAACAGCTGAAACGCGGTGAAACGGTGCAGGCAGAAGCGTTTGACAGCGTAACCATTTATTTCTCTGATATTGTCGGTTTTACCGCGCTGTCTGCAGAATCCACGCCGATGCAGGTGGTGACGCTGCTGAATGATCTGTATACCTGCTTTGATGCGGTGATTGATAACTTTGATGTTTATAAAGTTGAAACCATTGGCGATGCTTATATGGTGGTTTCCGGTCTGCCGGTACGTAACGGTCGTCTGCATGCCTGTGAAGTGGCGCGTATGGCGCTGGCGCTGCTGGATGCGGTACGTAGCTTCCGTATCCGTCATCGTCCGCAGGAGCAGCTGCGTCTGCGTATTGGTATTCATACCGGTCCGGTTTGCGCTGGTGTGGTTGGGCTGAAAATGCCGCGTTATTGCCTGTTTGGCGATACCGTAAATACCGCCAGCCGTATGGAAAGCAACGGTGAAGCGCTGAAAATTCATCTTTCCTCAGAAACCAAAGCGGTACTGGAAGAGTTTGGCGGTTTTGAACTGGAACTGCGTGGCGATGTTGAAATGAAAGGTAAAGGTAAAGTGCGTACCTACTGGCTGCTGGGTGAACGTGGTTCCTCAACCCGTGGGTAA
OPRM1_dna.fasta,0.89,49.32%,0% ,0,0,ATGGATTCCTCTGCTGCACCAACCAACGCCAGCAACTGCACCGATGCGCTGGCTTACTCCTCCTGCTCGCCTGCACCGTCGCCGGGTAGCTGGGTAAATCTGTCGCATCTGGATGGTAACCTGTCTGATCCGTGCGGTCCGAACCGTACCGATCTGGGCGGTCGTGACTCGCTGTGCCCGCCGACCGGTTCGCCGTCAATGATTACCGCAATTACCATTATGGCGCTGTATTCCATTGTTTGCGTGGTTGGGCTGTTTGGTAACTTCCTGGTGATGTATGTTATTGTTCGTTATACCAAAATGAAAACCGCAACCAATATTTATATCTTTAACCTGGCGCTGGCTGATGCGCTGGCAACCTCAACGCTGCCGTTCCAGTCGGTAAACTATCTGATGGGAACCTGGCCGTTTGGTACCATTCTGTGCAAAATTGTTATCTCTATTGATTACTACAACATGTTTACCTCAATTTTCACGCTGTGCACCATGTCGGTTGATCGTTATATCGCCGTTTGCCATCCGGTAAAAGCGCTGGATTTCCGTACGCCGCGTAATGCGAAAATTATTAACGTCTGCAACTGGATTCTTTCCTCTGCAATTGGTCTGCCGGTGATGTTTATGGCAACCACCAAATACCGCCAGGGTTCAATTGATTGCACGCTGACCTTCAGCCATCCGACCTGGTACTGGGAAAACCTGCTGAAAATTTGCGTGTTTATTTTTGCCTTTATTATGCCGGTACTGATTATCACCGTTTGCTATGGTCTGATGATTCTGCGTCTGAAATCAGTGCGTATGCTGTCCGGTAGCAAAGAAAAAGATCGTAACCTGCGTCGTATCACCCGTATGGTGCTGGTGGTGGTGGCGGTGTTTATTGTCTGCTGGACGCCGATTCATATTTATGTTATTATCAAAGCGCTGGTGACCATTCCGGAAACCACCTTCCAGACCGTCTCCTGGCATTTCTGCATTGCGCTGGGTTATACCAACAGCTGCCTGAATCCGGTACTGTATGCCTTTCTGGATGAAAACTTCAAACGCTGCTTCCGTGAATTCTGCATCCCGACCTCATCAAATATTGAGCAGCAAAACAGCACCCGTATCCGCCAGAACACCCGCGATCATCCGTCAACCGCTAATACCGTTGATCGTACCAACCATCAGCTGGAAAACCTGGAAGCAGAAACCGCGCCGCTGCCGTGA
PAK1_dna.fasta,0.91,49.19%,0% ,7,0,ATGAGCAATAACGGTCTGGATATTCAGGATAAACCGCCGGCACCGCCGATGCGTAATACCTCAACGATGATTGGTGCAGGTAGCAAAGATGCCGGAACGCTGAACCACGGTAGCAAACCGCTGCCGCCAAACCCGGAAGAAAAAAAAAAAAAAGATCGTTTTTATCGCTCAATTCTGCCGGGCGATAAAACCAATAAAAAAAAAGAAAAAGAGCGTCCGGAAATCTCACTGCCGTCTGATTTTGAACATACCATTCATGTCGGTTTTGATGCCGTGACCGGTGAATTTACCGGTATGCCGGAACAGTGGGCGCGTCTGCTGCAAACCAGCAATATCACCAAATCAGAGCAGAAAAAAAACCCGCAGGCGGTACTGGATGTGCTGGAATTTTACAACAGCAAAAAAACCAGCAACAGCCAGAAATATATGTCATTTACCGATAAATCTGCAGAAGATTACAACTCCAGCAATGCGCTGAACGTGAAAGCGGTTAGCGAAACGCCGGCGGTACCGCCGGTTAGCGAAGATGAAGATGATGATGATGATGATGCCACGCCGCCGCCGGTTATTGCGCCGCGTCCGGAACATACCAAATCGGTTTATACCCGCTCGGTGATTGAACCGCTGCCGGTAACGCCGACGCGCGATGTTGCAACCTCGCCGATCTCGCCGACTGAAAACAACACCACGCCGCCGGATGCGCTGACCCGTAATACCGAAAAACAGAAAAAAAAACCGAAAATGAGCGATGAAGAAATTCTGGAAAAACTGCGTTCTATTGTCAGCGTTGGCGATCCGAAAAAAAAATATACCCGTTTTGAAAAAATTGGTCAGGGTGCAAGCGGTACGGTTTATACCGCGATGGATGTTGCAACCGGTCAGGAAGTGGCGATTAAACAGATGAACCTGCAGCAGCAGCCGAAAAAAGAGCTGATTATCAATGAAATTCTGGTGATGCGTGAAAATAAAAATCCGAATATTGTTAATTATCTGGATAGCTATCTGGTTGGCGATGAACTGTGGGTGGTGATGGAATATCTGGCGGGTGGTTCGCTGACCGATGTGGTGACCGAAACCTGCATGGATGAAGGGCAGATTGCTGCTGTTTGCCGTGAATGCCTGCAGGCGCTGGAATTTCTGCACAGCAATCAGGTGATTCACCGCGATATCAAATCTGATAATATTCTGCTGGGGATGGATGGTTCGGTAAAACTGACCGATTTTGGTTTCTGCGCGCAGATCACGCCGGAACAGAGCAAACGCTCAACGATGGTTGGTACGCCGTACTGGATGGCGCCGGAAGTGGTGACGCGTAAAGCTTATGGTCCGAAAGTCGATATCTGGTCGCTGGGTATTATGGCGATTGAAATGATTGAAGGTGAACCGCCGTATCTGAATGAAAACCCGCTGCGCGCGCTGTATCTGATTGCCACCAACGGTACGCCGGAACTGCAAAACCCGGAAAAACTGTCGGCAATTTTCCGTGATTTCCTGAACCGCTGCCTGGAAATGGATGTTGAAAAACGCGGTTCGGCAAAAGAGCTGCTGCAGCATCAGTTCCTGAAAATCGCCAAACCGCTGTCCTCGCTGACGCCGCTGATTGCTGCAGCAAAAGAAGCAACCAAAAATAACCATTGA
PA_dna.fasta,0.94,42.91%,0% ,0,0,ATGGAAGATTTTGTCCGTCAGTGCTTTAACCCGATGATTGTTGAACTGGCAGAAAAAGCGATGAAAGAATATGGTGAAGATCCGAAAATTGAAACCAATAAATTTGCTGCAATTTGCACCCATCTGGAAGTGTGCTTTATGTATAGCGATTTTGGTTCCGGCGATCCGAATGCGCTGCTGAAACACCGTTTTGAAATTATTGAAGGGCGTGATCGTATTATGGCGTGGACGGTGGTGAACAGCATCTGCAATACCACCGGTGTTGAAAAACCGAAATTTCTGCCGGATCTGTATGATTACAAAGAAAACCGCTTTATTGAAATTGGCGTCACCCGTCGTGAAGTGCATATTTATTATCTGGAAAAAGCAAATAAAATCAAAAGCGAAAAAACCCATATTCATATTTTCTCCTTTACCGGTGAAGAAATGGCAACCAAAGCTGATTACACGCTGGATGAAGAAAGCCGCGCGCGTATCAAAACCCGTCTGTTTACCATCCGTCAGGAAATGGCAAGCCGTTCGCTGTGGGATAGCTTCCGCCAGAGCGAACGTGGTGAATAA
PDCD11_dna.fasta,0.90,50.43%,0% ,7,2,ATGGCTAACCTGGAAGAAAGCTTCCCGCGTGGCGGTACGCGTAAAATCCATAAACCGGAAAAAGCATTCCAGCAGAGCGTTGAGCAGGATAACCTGTTTGATATCTCCACCGAAGAAGGTAGCACCAAACGTAAAAAATCACAGAAAGGGCCGGCAAAAACCAAAAAACTGAAAATTGAAAAACGTGAATCCTCAAAATCAGCGCGTGAAAAATTTGAAATTCTGTCTGTTGAATCGCTGTGCGAAGGGATGCGTATTCTGGGTTGCGTGAAAGAAGTTAATGAACTGGAACTGGTGATCTCACTGCCGAACGGTCTGCAGGGTTTTGTGCAGGTGACCGAAATCTGCGATGCTTATACCAAAAAACTGAATGAACAGGTGACGCAGGAGCAGCCGCTGAAAGATCTGCTGCATCTGCCGGAACTGTTCTCGCCGGGTATGCTGGTGCGTTGCGTGGTCTCCTCGCTGGGGATTACCGATCGCGGTAAAAAATCGGTAAAACTGTCGCTGAATCCGAAAAACGTCAACCGCGTACTGTCTGCAGAAGCGCTGAAACCGGGAATGCTGCTGACCGGTACGGTTTCCTCGCTGGAAGATCACGGTTATCTGGTTGATATTGGCGTTGATGGTACGCGCGCATTTCTGCCGCTGCTGAAAGCGCAGGAATATATCCGCCAGAAAAATAAAGGCGCAAAACTGAAAGTCGGGCAGTATCTGAACTGCATTGTTGAAAAAGTGAAAGGTAACGGCGGTGTGGTTTCGCTGTCTGTTGGTCATAGCGAAGTCAGCACCGCAATTGCCACCGAGCAGCAAAGCTGGAATCTGAATAATCTGCTGCCGGGTCTGGTGGTGAAAGCGCAGGTGCAGAAAGTCACGCCGTTTGGTCTGACGCTGAATTTCCTGACCTTCTTCACCGGTGTGGTTGATTTTATGCATCTGGATCCGAAAAAAGCAGGAACCTATTTCAGCAATCAGGCGGTACGTGCGTGTATTCTGTGCGTTCATCCGCGTACGCGCGTGGTGCATCTGTCGCTGCGTCCGATTTTCCTGCAGCCGGGTCGTCCGCTGACGCGTCTGTCTTGCCAGAACCTGGGTGCGGTACTGGATGATGTTCCGGTACAGGGTTTCTTCAAAAAAGCAGGTGCAACCTTCCGTCTGAAAGATGGCGTACTGGCTTATGCCCGTCTGTCGCATCTGTCTGACAGCAAAAACGTCTTTAACCCGGAAGCGTTTAAACCGGGTAATACCCATAAATGCCGTATTATCGATTACAGCCAGATGGATGAACTGGCGCTGCTGTCGCTGCGTACCTCAATTATTGAAGCGCAGTATCTGCGTTATCACGATATTGAACCGGGTGCGGTGGTGAAAGGCACGGTACTGACCATTAAAAGCTATGGTATGCTGGTGAAAGTCGGTGAGCAGATGCGTGGGCTGGTGCCGCCGATGCATCTGGCAGATATCCTGATGAAAAACCCGGAAAAAAAATATCATATTGGCGATGAAGTGAAATGCCGCGTACTGCTGTGCGATCCGGAAGCGAAAAAACTGATGATGACGCTGAAAAAAACGCTGATTGAAAGCAAACTGCCGGTGATCACCTGCTATGCCGATGCAAAACCGGGATTGCAAACCCACGGTTTTATTATCCGCGTAAAAGATTACGGTTGCATTGTTAAATTTTACAACAACGTGCAGGGGCTGGTGCCGAAACATGAACTGTCTACCGAATATATTCCTGATCCGGAACGCGTGTTTTATACCGGTCAGGTGGTGAAAGTGGTGGTGCTGAACTGCGAACCGTCAAAAGAGCGCATGCTGCTGTCATTTAAACTCTCCTCTGATCCGGAACCGAAAAAAGAACCGGCAGGTCATAGCCAGAAAAAAGGTAAAGCGATTAATATTGGTCAGCTGGTGGATGTGAAAGTGCTGGAAAAAACCAAAGATGGTCTGGAAGTGGCGGTACTGCCGCATAATATCCGCGCATTTCTGCCGACCTCACATCTGTCTGATCATGTTGCTAACGGTCCGCTGCTGCATCACTGGCTGCAGGCAGGTGATATTCTGCATCGCGTACTGTGCCTGTCGCAGAGCGAAGGGCGCGTACTGCTGTGCCGTAAACCGGCGCTGGTCTCCACCGTTGAAGGCGGTCAGGATCCGAAAAACTTCAGCGAAATTCATCCGGGAATGCTGCTGATTGGTTTTGTGAAATCAATTAAAGATTATGGCGTATTTATTCAGTTCCCGTCCGGTCTGTCCGGTCTGGCGCCGAAAGCGATTATGAGCGATAAATTTGTCACCTCAACCTCTGATCATTTTGTTGAAGGGCAGACCGTTGCGGCAAAAGTGACCAACGTTGATGAAGAAAAACAGCGTATGCTGCTGTCGCTGCGTCTGTCTGATTGCGGTCTGGGCGATCTGGCGATTACCTCACTGCTGCTGCTGAATCAGTGCCTGGAAGAGCTGCAGGGCGTGCGTTCGCTGATGAGCAACCGCGATAGCGTACTGATTCAGACGCTGGCAGAAATGACGCCGGGAATGTTCCTGGATCTGGTGGTGCAGGAAGTGCTGGAAGATGGTTCGGTGGTGTTCTCCGGCGGTCCGGTACCGGATCTGGTGCTGAAAGCCAGCCGTTATCACCGTGCAGGGCAGGAAGTTGAAAGCGGGCAGAAAAAAAAAGTGGTGATTCTGAACGTCGATCTGCTGAAACTGGAAGTGCATGTCTCGCTGCATCAGGATCTGGTGAACCGTAAAGCGCGTAAACTGCGTAAAGGTAGCGAGCATCAGGCGATTGTTCAGCATCTGGAAAAATCATTTGCTATTGCCTCGCTGGTTGAAACCGGTCATCTGGCGGCATTCTCGCTGACCTCACATCTGAATGATACCTTCCGTTTTGACAGCGAAAAACTGCAGGTTGGGCAGGGCGTCTCGCTGACGCTGAAAACCACCGAACCGGGCGTGACCGGTCTGCTGCTGGCGGTTGAAGGTCCGGCAGCAAAACGTACCATGCGTCCGACGCAGAAAGACAGCGAAACCGTTGATGAAGATGAAGAAGTTGATCCGGCGCTGACCGTTGGTACCATCAAAAAACATACGCTGTCTATTGGCGATATGGTGACCGGTACGGTAAAATCAATTAAACCGACGCATGTGGTGGTGACGCTGGAAGATGGTATTATCGGTTGCATTCATGCCAGCCATATTCTGGATGATGTTCCGGAAGGTACCTCGCCGACCACCAAACTGAAAGTCGGTAAAACCGTTACCGCGCGCGTGATTGGCGGTCGTGATATGAAAACCTTTAAATATCTGCCGATCAGCCATCCGCGTTTTGTGCGTACCATTCCGGAACTGTCTGTACGTCCGTCAGAACTGGAAGATGGTCATACCGCGCTGAATACCCACTCCGTTTCGCCGATGGAAAAAATCAAACAGTATCAGGCAGGGCAGACCGTGACCTGCTTCCTGAAAAAATATAACGTGGTGAAAAAATGGCTGGAAGTTGAAATTGCGCCGGATATCCGTGGGCGTATTCCGCTGCTGCTGACCTCACTGTCATTTAAAGTGCTGAAACATCCGGATAAAAAATTCCGCGTTGGTCAGGCGCTGCGTGCAACGGTGGTTGGGCCGGACTCCAGCAAAACGCTGCTGTGCCTGTCGCTGACCGGGCCGCATAAACTGGAAGAAGGTGAAGTGGCGATGGGGCGCGTGGTGAAAGTCACGCCGAATGAAGGGCTGACCGTTTCTTTCCCGTTTGGTAAAATTGGTACGGTTTCCATTTTCCATATGTCTGACAGCTACAGCGAAACGCCGCTGGAAGATTTTGTTCCGCAAAAAGTGGTGCGTTGCTATATCCTTTCTACCGCTGATAACGTGCTGACGCTGTCGCTGCGTTCCTCACGTACCAACCCGGAAACCAAATCAAAAGTTGAAGATCCGGAAATCAACAGCATTCAGGATATCAAAGAAGGGCAGCTGCTGCGTGGTTATGTCGGTTCCATTCAGCCGCACGGCGTGTTCTTCCGTCTGGGGCCGTCGGTGGTTGGGCTGGCGCGTTATAGCCATGTCAGCCAGCACTCGCCGTCAAAAAAAGCGCTGTATAATAAACATCTGCCGGAAGGTAAACTGCTGACCGCGCGCGTACTGCGTCTGAACCATCAGAAAAATCTGGTTGAACTGTCTTTTCTGCCGGGCGATACCGGTAAACCGGATGTGCTGTCTGCCTCGCTGGAAGGGCAGCTGACCAAACAGGAAGAGCGTAAAACCGAAGCTGAAGAGCGTGATCAGAAAGGCGAAAAAAAAAATCAGAAACGTAATGAAAAAAAAAATCAGAAAGGGCAGGAAGAAGTTGAAATGCCGTCAAAAGAAAAACAGCAGCCGCAAAAACCGCAGGCGCAGAAACGCGGCGGTCGTGAATGCCGTGAATCCGGTAGCGAGCAGGAGCGCGTAAGCAAAAAACCGAAAAAAGCAGGACTGTCTGAAGAAGATGACTCGCTGGTTGATGTTTATTACCGTGAAGGTAAAGAAGAAGCTGAAGAAACCAACGTACTGCCGAAAGAAAAACAGACCAAACCGGCAGAAGCGCCGCGTCTGCAACTTTCCTCCGGTTTTGCCTGGAACGTCGGGCTGGATTCGCTGACGCCGGCGCTGCCGCCGCTGGCAGAATCCTCTGACAGCGAAGAAGATGAAAAACCGCATCAGGCAACCATCAAAAAAAGCAAAAAAGAGCGTGAACTGGAAAAACAGAAAGCAGAAAAAGAGCTGTCGCGTATTGAAGAAGCGCTGATGGATCCGGGTCGTCAGCCGGAAAGCGCTGATGATTTTGACCGTCTGGTGCTTTCCTCGCCGAACTCCTCCATTCTGTGGCTGCAGTATATGGCGTTCCATCTGCAGGCAACGGAAATTGAAAAAGCGCGTGCGGTTGCAGAACGCGCGCTGAAAACCATCTCTTTCCGTGAAGAGCAGGAAAAACTGAACGTCTGGGTGGCGCTGCTGAATCTGGAAAATATGTATGGTAGCCAGGAATCGCTGACCAAAGTGTTTGAACGTGCGGTACAGTACAACGAACCGCTGAAAGTGTTTCTGCATCTGGCAGATATTTATGCCAAAAGCGAAAAATTCCAGGAAGCTGGTGAACTGTATAACCGCATGCTGAAACGCTTCCGTCAGGAAAAAGCGGTATGGATTAAATATGGTGCATTTCTGCTGCGTCGTAGCCAGGCTGCAGCAAGCCATCGCGTACTGCAGCGTGCGCTGGAATGCCTGCCGTCAAAAGAGCATGTTGATGTTATCGCCAAATTTGCTCAGCTGGAATTCCAGCTGGGCGATGCTGAACGCGCGAAAGCGATTTTTGAAAACACGCTGTCAACCTATCCGAAACGTACCGATGTCTGGTCGGTTTATATCGATATGACCATTAAACACGGTAGCCAGAAAGATGTGCGTGATATCTTTGAACGCGTGATTCATCTGTCGCTGGCGCCGAAACGCATGAAATTCTTCTTCAAACGCTATCTGGATTATGAAAAACAGCACGGTACTGAAAAAGATGTGCAGGCGGTAAAAGCAAAAGCGCTGGAATATGTTGAAGCGAAATCCTCAGTACTGGAAGATTAA
PEA_dna.fasta,0.92,56.93%,0% ,0,0,GCTGAAGAAGCGTTTGATCTGTGGAATGAATGCGCAAAAGCCTGCGTGCTGGATCTGAAAGATGGCGTACGTTCCTCACGTATGTCGGTTGATCCGGCAATTGCCGATACCAACGGTCAGGGCGTACTGCATCACTCAATGGTGCTGGAAGGCGGTAACGATGCGCTGAAACTGGCGTTTGATAACGCGCTGTCCATTACCTCTGATGGTCTGACCATCCGTCTGGAAGGCGGCGTTGAACCGAATAAAAAAGTGCGTTACAGCTATACCCGTCAGGCGCGTGGTAGCTGGTCGCTGAACTGGCTGGTGCCGATTGGTCATGAAAAACCGTCAAATATTAAAGTGTTTATTCACGAACTGAATGCCGGTAATCAGCTTTCGCATATGTCGCCGATTTATACCATTGAAATGGGCGATGAACTGCTGGCAAAACTGGCGCGTGATGCAACCTTCTTTGTTCGTGCGCATGAAAGCAATGAAATGCAGCCGACGCTGGCGATTAGCCATGCCGGTGTTTCGGTGGTGATGGCGCAGGCGCAGCCGCGTCGTGAAAAACGCTGGTCAGAATGGGCAAGCGGTAAAGTGCTGTGCCTGCTGGATCCGCTGGATGGCGTTTATAACTATCTGGCGCAGCAGCGTTGCAATCTGGATGATACCTGGGAAGGTAAAATTTATCGCGTACTGGCAGGTAACCCGGCAAAACACGATCTGGATATCAAACCGACGGTTATCAGCCACCGTCTGCATTTCCCGGAAGGCGGTTCGCTGGCGGCGCTGACCGCGCATCAGGCTTGCCATCTGCCGCTGGAAACCTTTACCCGCCACCGTCAGCCGCGTGGCTGGGAGCAGCTGGAACAGTGCGGTTATCCGGTACAGCGTCTGGTGGCGCTGTATCTGGCGGCGCGTCTGTCCTGGAATCAGGTTGATCAGGTGATCCGTAATGCGCTGGCATCGCCGGGTTCCGGCGGTGATCTGGGTGAAGCGATCCGTGAACAGCCGGAACAGGCGCGTCTGGCGCTGACGCTGGCGGCAGCAGAAAGCGAACGTTTTGTTCGTCAGGGAACCGGTAACGATGAAGCTGGTGCTGCATCGGCTGATGTGGTCTCGCTGACCTGCCCGGTTGCTGCAGGTGAATGCGCTGGTCCGGCAGATAGCGGTGATGCGCTGCTGGAACGTAACTATCCGACCGGTGCAGAATTTCTGGGTGATGGCGGTGATGTCAGCTTCTCCACCCGCGGTACGCAGAACTGGACGGTTGAACGTCTGCTGCAGGCGCATCGTCAGCTGGAAGAGCGTGGTTATGTTTTTGTCGGTTATCACGGTACCTTCCTGGAAGCGGCGCAGTCGATTGTTTTTGGTGGTGTGCGTGCGCGTTCGCAGGATCTGGATGCCATCCGTCGTGGTTTTTATATCGCTGGTGATCCGGCGCTGGCTTATGGTTATGCGCAGGATCAGGAACCGGATGCGCGTGGGCGTATCCGTAACGGTGCGCTGCTGCGCGTTTATGTTCCGCGCTGGTCACTGCCGGGTTTTTATCGCACCGGACTGACGCTGGCTGCACCGGAAGCTGCAGGTGAAGTTGAACGTCTGATTGGTCATCCGCTGCCGCTGCGTCTGGATGCCATTACCGGTCCGGAAGAAGAAGGCGGTCGTCTGGAAACCATTCTGGGCTGGCCGCTGGCAGAACGTACGGTGGTGATTCCGTCAGCAATTCCGACCGATCCGCGTAACGTCGGCGGCGATCTGGATCCGTCCTCCATTCCGGATAAAGAGCAGGCGATTTCTGCGCTGCCGGATTATGCCAGCCAGCCGGGTAAACCGCCGCGTGAAGATCTGAAA
PIM1_dna.fasta,0.92,52.23%,0% ,0,0,ATGCTGCTGTCAAAAATCAACAGCCTGGCGCATCTGCGTGCTGCACCGTGCAACGATCTGCATGCCACCAAACTGGCGCCGGGTAAAGAAAAAGAACCGCTGGAAAGCCAGTATCAGGTTGGGCCGCTGCTGGGTTCCGGCGGTTTTGGTTCGGTTTATTCCGGTATTCGCGTTAGCGATAACCTGCCGGTTGCGATTAAACATGTTGAAAAAGATCGTATCTCTGACTGGGGTGAACTGCCGAACGGTACGCGCGTGCCGATGGAAGTGGTGCTGCTGAAAAAAGTCTCCTCCGGTTTTTCCGGTGTGATCCGTCTGCTGGACTGGTTTGAACGTCCGGACAGCTTTGTGCTGATTCTGGAACGTCCGGAACCGGTGCAGGATCTGTTTGATTTTATCACCGAACGTGGTGCGCTGCAGGAAGAACTGGCGCGTTCATTCTTCTGGCAGGTGCTGGAAGCGGTACGTCATTGCCACAACTGCGGTGTACTGCATCGCGATATCAAAGATGAAAATATTCTGATTGATCTGAACCGCGGTGAACTGAAACTGATTGATTTTGGTTCCGGTGCGCTGCTGAAAGATACCGTTTATACCGATTTTGACGGTACGCGCGTTTATTCGCCGCCGGAATGGATCCGTTATCACCGTTATCACGGTCGTTCTGCTGCAGTATGGTCGCTGGGTATTCTGCTGTATGATATGGTTTGCGGTGATATTCCGTTTGAACACGATGAAGAAATTATCCGTGGTCAGGTGTTCTTCCGTCAGCGCGTCTCCTCTGAATGCCAGCATCTGATCCGCTGGTGCCTGGCGCTGCGTCCGTCTGATCGTCCGACCTTTGAAGAAATTCAGAACCATCCGTGGATGCAGGATGTGCTGCTGCCGCAGGAAACCGCAGAAATTCATCTGCATTCACTGTCGCCGGGTCCGTCAAAATGA
PLK1_dna.fasta,0.90,50.19%,0% ,4,0,ATGTCGGCTGCAGTAACCGCAGGTAAACTGGCGCGTGCGCCGGCAGATCCGGGTAAAGCAGGTGTGCCGGGTGTTGCTGCACCGGGTGCACCGGCAGCAGCACCGCCGGCAAAAGAAATTCCGGAAGTGCTGGTTGATCCGCGTTCCCGTCGTCGTTATGTGCGTGGGCGTTTTCTGGGTAAAGGCGGTTTTGCTAAATGCTTTGAAATCTCTGATGCCGATACCAAAGAAGTGTTTGCCGGTAAAATTGTTCCGAAATCGCTGCTGCTGAAACCGCATCAGCGTGAAAAAATGTCGATGGAAATCTCCATTCACCGCTCGCTGGCGCATCAGCATGTGGTTGGTTTCCACGGTTTCTTTGAAGATAACGATTTTGTTTTTGTCGTGCTGGAACTGTGCCGTCGTCGTTCGCTGCTGGAACTGCATAAACGCCGTAAAGCGCTGACCGAACCGGAAGCGCGTTATTATCTGCGTCAGATTGTGCTGGGTTGCCAGTATCTGCATCGTAACCGCGTGATTCACCGCGATCTGAAACTGGGTAACCTGTTCCTGAATGAAGATCTGGAAGTGAAAATTGGCGATTTTGGTCTGGCAACCAAAGTTGAATATGACGGTGAGCGTAAAAAAACGCTGTGCGGTACGCCGAACTATATCGCACCGGAAGTGCTGTCAAAAAAAGGTCACAGCTTTGAAGTTGATGTCTGGTCAATTGGTTGCATTATGTATACGCTGCTGGTCGGTAAACCGCCGTTTGAAACCTCCTGCCTGAAAGAAACCTATCTGCGTATCAAAAAAAATGAATACTCCATTCCGAAACATATCAACCCGGTTGCTGCATCGCTGATTCAGAAAATGTTGCAAACCGATCCGACCGCGCGTCCGACCATCAATGAACTGCTGAATGATGAATTCTTCACCTCCGGTTATATTCCGGCGCGTCTGCCGATCACCTGCCTGACCATTCCGCCGCGTTTCTCCATTGCACCGTCATCGCTGGATCCGTCAAACCGTAAACCGCTGACCGTACTGAATAAAGGGCTGGAAAACCCGCTGCCGGAACGTCCGCGTGAAAAAGAAGAACCGGTGGTGCGTGAAACCGGTGAAGTGGTTGATTGCCATCTGTCTGATATGTTGCAGCAACTGCACAGCGTTAATGCCAGCAAACCGTCAGAACGTGGGCTGGTGCGTCAGGAAGAAGCTGAAGATCCGGCATGTATTCCGATTTTCTGGGTCAGCAAATGGGTTGATTACAGCGATAAATATGGTCTGGGTTATCAGCTGTGCGATAACAGCGTTGGCGTACTGTTTAACGACAGCACCCGTCTGATTCTGTATAACGATGGCGATAGCCTGCAGTATATTGAACGTGATGGTACTGAAAGCTATCTGACCGTTTCCTCACATCCGAACTCACTGATGAAAAAAATCACGCTGCTGAAATATTTCCGTAACTATATGAGCGAACATCTGCTGAAAGCAGGTGCAAATATCACGCCGCGTGAAGGCGATGAACTGGCGCGTCTGCCGTATCTGCGTACCTGGTTCCGTACCCGCTCGGCGATTATTCTGCATCTGTCTAACGGTTCGGTACAGATCAACTTCTTCCAGGATCATACCAAACTGATTCTGTGCCCGCTGATGGCGGCGGTAACCTATATCGATGAAAAACGCGATTTCCGTACCTACCGTCTGTCGCTGCTGGAAGAATATGGTTGCTGCAAAGAGCTGGCAAGCCGTCTGCGTTATGCCCGTACGATGGTTGATAAACTGCTTTCCTCCCGTTCTGCCAGCAACCGTCTGAAAGCCTCATGA
PTP4A3_dna.fasta,0.92,52.59%,0% ,0,0,TCCAGCCATCATCATCATCATCACTCCTCCGGTGAAAACCTGTATTTCCAGGGGATGGCGCGTATGAACCGTCCGGCACCGGTTGAAGTCAGCTATAAACATATGCGTTTTCTGATTACCCATAACCCGACCAATGCCACGCTGTCCACCTTTATTGAAGATCTGAAAAAATATGGCGCAACCACGGTGGTGCGCGTGTGCGAAGTGACCTACGACAAAACGCCGCTGGAAAAAGATGGTATTACCGTGGTTGACTGGCCGTTTGATGATGGTGCACCGCCGCCGGGTAAAGTGGTTGAAGACTGGCTGTCGCTGGTGAAAGCAAAATTCTGCGAAGCGCCGGGTTCGTGCGTTGCGGTGCATTGCGTTGCAGGGCTGGGGCGTGCGCCGGTACTGGTGGCGCTGGCGCTGATTGAAAGCGGTATGAAATATGAAGATGCTATTCAGTTTATCCGCCAGAAACGCCGTGGTGCGATTAACAGCAAACAGCTGACCTATCTGGAAAAATATCGCCCGAAACAGCGTCTGCGTTTTAAAGATCCGCATACCCATAAAACCCGC
RPS6KB1_dna.fasta,0.92,50.36%,0% ,1,0,ATGCGTCGTCGTCGTCGTCGTGATGGTTTTTATCCGGCACCGGATTTCCGTGATCGTGAAGCTGAAGATATGGCTGGTGTGTTTGATATCGATCTGGATCAGCCGGAAGATGCCGGTAGCGAAGATGAACTGGAAGAAGGCGGTCAGCTGAATGAATCGATGGATCACGGCGGTGTTGGTCCGTATGAACTGGGGATGGAGCATTGCGAAAAATTTGAAATCAGCGAAACCAGCGTAAACCGTGGTCCGGAAAAAATCCGTCCGGAATGCTTTGAACTGCTGCGCGTGCTGGGTAAAGGCGGTTATGGTAAAGTGTTCCAGGTGCGTAAAGTGACCGGTGCAAATACCGGTAAAATTTTTGCGATGAAAGTGCTGAAAAAAGCGATGATTGTGCGTAATGCGAAAGATACCGCGCATACCAAAGCAGAACGTAATATTCTGGAAGAAGTGAAACATCCGTTTATTGTCGATCTGATTTATGCCTTCCAGACCGGCGGTAAACTGTATCTGATTCTGGAATATCTGTCCGGCGGTGAACTGTTTATGCAGCTGGAACGTGAAGGGATTTTTATGGAAGATACCGCCTGCTTTTATCTGGCAGAAATCTCAATGGCGCTGGGTCATCTGCATCAGAAAGGGATTATTTATCGCGATCTGAAACCGGAAAATATCATGCTGAACCATCAGGGGCATGTGAAACTGACCGATTTTGGTCTGTGCAAAGAAAGCATTCACGACGGTACGGTGACCCATACCTTCTGCGGTACCATTGAATATATGGCGCCGGAAATTCTGATGCGTAGCGGTCATAACCGCGCGGTTGACTGGTGGTCGCTGGGTGCGCTGATGTATGATATGCTGACCGGTGCACCGCCGTTTACCGGTGAAAACCGTAAAAAAACCATCGATAAAATCCTGAAATGCAAACTGAATCTGCCGCCTTATCTGACGCAGGAAGCGCGTGATCTGCTGAAAAAACTGCTGAAACGTAATGCTGCCAGCCGTCTGGGTGCAGGTCCGGGTGATGCTGGTGAAGTGCAGGCGCATCCGTTCTTCCGCCATATCAACTGGGAAGAACTGCTGGCGCGTAAAGTTGAACCGCCGTTTAAACCGCTGCTGCAAAGCGAAGAAGATGTTAGCCAGTTTGACAGCAAATTTACCCGCCAGACGCCGGTTGATTCGCCGGATGACAGCACGCTGTCTGAATCGGCTAATCAGGTGTTCCTGGGTTTTACCTATGTTGCACCGTCGGTACTGGAAAGCGTAAAAGAAAAATTCAGCTTTGAACCGAAAATCCGTTCGCCGCGTCGTTTTATCGGTTCGCCGCGTACGCCGGTTTCGCCGGTAAAATTCTCGCCGGGTGATTTCTGGGGGCGTGGTGCATCGGCCTCAACCGCTAACCCGCAAACGCCGGTTGAATATCCGATGGAAACCTCCGGTATTGAGCAGATGGATGTCACGATGAGCGGTGAAGCCTCGGCACCGCTGCCGATTCGTCAGCCGAACAGCGGTCCGTATAAAAAACAGGCTTTCCCGATGATCAGCAAACGTCCGGAACATCTGCGTATGAACCTGTGA
SMARCD1_dna.fasta,0.91,53.24%,0% ,2,0,ATGGCTGCGCGTGCAGGTTTTCAGAGCGTTGCACCGTCCGGTGGTGCAGGTGCAAGCGGTGGTGCAGGTGCTGCAGCAGCGCTGGGGCCGGGCGGTACGCCGGGTCCGCCGGTACGTATGGGGCCGGCACCGGGGCAGGGGCTGTATCGCTCGCCGATGCCGGGTGCTGCTTATCCGCGTCCGGGAATGCTGCCGGGTTCGCGCATGACGCCGCAGGGGCCGTCGATGGGGCCGCCGGGTTATGGCGGTAACCCGTCAGTACGTCCGGGTCTGGCGCAGTCCGGTATGGATCAGAGCCGTAAACGTCCGGCACCGCAGCAGATTCAGCAGGTGCAGCAGCAGGCGGTACAGAACCGTAACCACAATGCGAAAAAAAAAAAAATGGCTGATAAAATTCTGCCGCAGCGTATCCGTGAACTGGTGCCGGAAAGCCAGGCTTATATGGATCTGCTGGCGTTTGAACGTAAACTGGATCAGACCATTATGCGTAAACGTCTGGATATTCAGGAAGCGCTGAAACGTCCGATTAAACAGAAACGTAAACTGCGTATTTTTATCAGCAATACCTTTAACCCGGCAAAAAGCGATGCTGAAGATGGTGAAGGTACGGTTGCCAGCTGGGAACTGCGCGTTGAAGGGCGTCTGCTGGAAGATAGCGCGCTGTCAAAATATGACGCAACCAAACAAAAACGTAAATTCTCCTCATTCTTCAAATCGCTGGTGATTGAACTGGATAAAGATCTGTATGGTCCGGATAACCATCTGGTTGAGTGGCACCGTACCGCAACCACGCAGGAAACCGATGGTTTCCAGGTGAAACGTCCGGGTGATGTTAACGTCCGCTGCACCGTACTGCTGATGCTGGATTATCAGCCGCCGCAGTTTAAACTGGATCCGCGTCTGGCGCGTCTGCTGGGTATTCATACCCAGACGCGTCCGGTGATTATTCAGGCGCTGTGGCAGTATATCAAAACCCATAAACTGCAGGATCCGCATGAACGTGAATTTGTCATCTGCGATAAATATCTGCAGCAGATTTTTGAAAGCCAGCGTATGAAATTCAGCGAAATTCCGCAGCGTCTGCATGCGCTGCTGATGCCGCCGGAACCGATTATTATCAACCATGTTATTTCTGTTGATCCGAACGATCAGAAAAAAACCGCCTGCTATGATATTGATGTTGAAGTTGATGATACGCTGAAAACGCAGATGAACAGCTTTCTGCTGTCCACCGCCAGCCAGCAGGAAATCGCCACGCTGGATAACAAAACCATGACCGATGTGGTTGGTAACCCGGAAGAAGAGCGTCGTGCTGAATTTTATTTCCAGCCGTGGGCGCAGGAAGCGGTTTGCCGTTATTTTTACAGCAAAGTGCAGCAGCGTCGTCAGGAACTGGAACAGGCGCTGGGGATCCGTAATACCTGA
TAP1_dna.fasta,0.89,57.35%,0% ,1,0,ATGGCTTCCTCCCGTTGCCCGGCACCGCGTGGTTGCCGTTGCCTGCCGGGTGCATCGCTGGCATGGCTGGGTACGGTACTGCTGCTGCTGGCTGACTGGGTACTGCTGCGTACCGCGCTGCCGCGTATTTTCTCGCTGCTGGTGCCGACGGCGCTGCCGCTGCTGCGCGTATGGGCGGTTGGGCTGTCCCGCTGGGCGGTACTGTGGCTGGGTGCTTGCGGTGTACTGCGTGCAACCGTTGGTAGCAAAAGCGAAAACGCTGGTGCGCAGGGCTGGCTGGCGGCGCTGAAACCGCTGGCGGCAGCGCTGGGGCTGGCGCTGCCGGGTCTGGCGCTGTTCCGTGAACTGATCTCCTGGGGTGCACCGGGTTCGGCAGACAGCACCCGTCTGCTGCACTGGGGTAGCCATCCGACCGCGTTTGTCGTTAGCTATGCTGCTGCGCTGCCGGCTGCAGCACTGTGGCATAAACTGGGTTCGCTGTGGGTGCCGGGTGGGCAGGGCGGTAGCGGTAACCCGGTACGTCGTCTGCTGGGCTGCCTGGGTAGCGAAACCCGCCGTCTGTCGCTGTTTCTGGTGCTGGTGGTGCTGTCCTCGCTGGGTGAAATGGCGATTCCGTTCTTCACCGGTCGTCTGACCGACTGGATTCTGCAGGATGGTTCGGCAGATACCTTTACCCGTAATCTGACGCTGATGTCGATTCTGACCATTGCCTCTGCGGTACTGGAATTTGTCGGTGATGGTATTTACAACAACACCATGGGGCATGTTCATAGCCATCTGCAGGGTGAAGTGTTTGGTGCGGTACTGCGTCAGGAAACCGAATTCTTCCAGCAAAACCAGACCGGTAATATTATGTCGCGCGTGACCGAAGATACCTCAACGCTGTCTGACTCACTGTCTGAAAACCTGTCGCTGTTTCTGTGGTATCTGGTGCGTGGTCTGTGCCTGCTGGGGATTATGCTGTGGGGTTCGGTCTCGCTGACGATGGTGACGCTGATCACGCTGCCGCTGCTGTTTCTGCTGCCGAAAAAAGTCGGTAAATGGTATCAGCTGCTGGAAGTGCAGGTGCGTGAATCGCTGGCGAAATCCTCGCAGGTGGCGATTGAAGCGCTGTCGGCGATGCCGACGGTACGTAGCTTTGCTAATGAAGAAGGTGAAGCGCAGAAATTCCGTGAAAAACTGCAGGAAATCAAAACGCTGAATCAGAAAGAAGCGGTTGCTTATGCGGTAAACAGCTGGACCACCTCAATCTCCGGTATGCTGCTGAAAGTCGGTATTCTGTATATCGGCGGTCAGCTGGTGACCTCCGGTGCGGTTTCCTCCGGTAACCTGGTGACCTTTGTGCTGTATCAGATGCAGTTTACCCAGGCGGTTGAAGTGCTGCTGTCTATTTATCCGCGCGTACAGAAAGCGGTTGGTTCCTCAGAAAAAATTTTTGAATATCTGGATCGTACGCCGCGTTGCCCGCCGTCCGGTCTGCTGACGCCGCTGCATCTGGAAGGGCTGGTGCAGTTCCAGGATGTCAGCTTTGCTTATCCGAACCGTCCGGATGTGCTGGTGTTGCAGGGGCTGACCTTTACGCTGCGTCCGGGTGAAGTGACGGCGCTGGTTGGGCCGAACGGTAGCGGTAAATCAACCGTTGCTGCGCTGCTGCAAAACCTGTATCAGCCGACCGGCGGTCAGCTGCTGCTGGATGGTAAACCGCTGCCGCAGTATGAACATCGTTATCTGCATCGTCAGGTTGCTGCGGTTGGTCAGGAACCGCAGGTGTTTGGTCGTTCGCTGCAGGAAAATATTGCTTATGGTCTGACGCAAAAACCGACGATGGAAGAAATCACCGCTGCAGCAGTAAAATCCGGTGCACACTCTTTTATCTCCGGTTTGCCGCAGGGTTATGATACCGAAGTTGATGAAGCTGGTAGCCAGCTTTCCGGCGGTCAGCGTCAGGCGGTGGCGCTGGCGCGTGCGCTGATCCGTAAACCGTGCGTGCTGATTCTGGATGATGCAACCTCGGCGCTGGATGCTAACAGCCAGTTGCAGGTTGAGCAGCTGCTGTATGAATCGCCGGAACGTTACAGCCGCAGCGTACTGCTGATTACCCAGCATCTGTCGCTGGTTGAGCAGGCTGATCATATTCTGTTCCTGGAAGGCGGTGCGATTCGTGAAGGCGGTACGCATCAGCAACTGATGGAAAAAAAAGGTTGCTACTGGGCGATGGTGCAGGCGCCGGCAGATGCGCCGGAATAA
TAS2R10_dna.fasta,0.90,41.59%,0% ,0,0,ATGCTGCGCGTGGTTGAAGGGATTTTTATTTTTGTTGTGGTTAGCGAAAGCGTATTTGGCGTACTGGGTAACGGTTTTATTGGTCTGGTGAACTGCATTGATTGCGCAAAAAATAAACTGTCAACCATTGGTTTTATTCTGACCGGGCTGGCGATCAGCCGTATTTTCCTGATCTGGATTATTATCACCGATGGTTTTATTCAGATTTTCTCGCCGAATATTTATGCCAGCGGTAACCTGATTGAATATATCTCTTATTTCTGGGTGATTGGTAATCAGTCATCAATGTGGTTTGCCACCTCACTGTCTATTTTCTATTTCCTGAAAATTGCTAACTTCAGCAATTATATCTTCCTGTGGCTGAAATCACGCACCAATATGGTGCTGCCGTTTATGATTGTCTTTCTGCTGATCTCCTCACTGCTGAATTTTGCTTATATCGCCAAAATTCTGAATGATTACAAAACCAAAAACGATACCGTCTGGGATCTGAATATGTATAAATCAGAATATTTTATCAAACAGATTCTGCTGAATCTGGGCGTGATTTTCTTCTTCACGCTGTCGCTGATCACCTGCATTTTCCTGATTATCTCACTGTGGCGTCATAACCGCCAGATGCAGAGCAACGTCACCGGACTGCGTGACAGCAATACCGAAGCGCATGTGAAAGCGATGAAAGTGCTGATCTCTTTTATTATTCTGTTTATTCTGTATTTTATTGGTATGGCGATTGAAATCTCCTGCTTTACCGTGCGTGAAAATAAACTGCTGCTGATGTTTGGTATGACCACCACCGCGATTTATCCGTGGGGGCACTCATTTATTCTGATTCTGGGTAACAGCAAACTGAAACAGGCATCGCTGCGCGTATTGCAGCAACTGAAATGCTGCGAAAAACGTAAAAATCTGCGCGTAACGTGA
UBTF_dna.fasta,0.92,45.30%,0% ,9,5,ATGAACGGTGAAGCTGATTGCCCGACCGATCTGGAAATGGCGGCACCGAAAGGGCAGGATCGCTGGTCACAGGAAGATATGCTGACGCTGCTGGAATGCATGAAAAATAATCTGCCGTCAAATGACAGCTCAAAATTTAAAACCACCGAAAGCCATATGGACTGGGAAAAAGTGGCATTTAAAGATTTCTCCGGCGATATGTGCAAACTGAAATGGGTGGAAATCAGCAATGAAGTGCGTAAATTCCGCACGCTGACCGAACTGATTCTGGATGCGCAGGAACATGTGAAAAATCCGTATAAAGGAAAAAAACTGAAAAAACATCCGGATTTCCCGAAAAAACCGCTGACGCCTTATTTCCGTTTCTTTATGGAAAAACGCGCGAAATATGCAAAACTGCATCCGGAAATGAGCAATCTGGATCTGACCAAAATCCTGTCAAAAAAATATAAAGAACTGCCGGAAAAAAAAAAAATGAAATATATTCAGGATTTCCAGCGTGAAAAACAGGAGTTTGAACGTAATCTGGCGCGTTTCCGTGAAGATCATCCGGATCTGATTCAGAATGCGAAAAAAAGCGATATCCCGGAAAAACCGAAAACGCCGCAGCAACTGTGGTATACCCATGAAAAAAAAGTTTATCTGAAAGTGCGTCCGGATGCAACCACCAAAGAAGTGAAAGACAGCCTGGGTAAACAGTGGTCACAGCTTTCTGATAAAAAACGCCTGAAATGGATTCATAAAGCGCTGGAGCAGCGTAAAGAATATGAAGAAATCATGCGTGATTATATTCAGAAACATCCGGAACTGAATATCAGCGAAGAAGGGATCACCAAATCAACGCTGACCAAAGCAGAACGTCAGCTGAAAGATAAATTTGATGGTCGTCCGACAAAACCGCCGCCGAACAGCTACTCGCTGTATTGCGCAGAACTGATGGCGAATATGAAAGATGTTCCGTCAACCGAACGTATGGTGCTGTGCAGCCAGCAGTGGAAACTGCTGTCGCAGAAAGAAAAAGATGCTTATCATAAAAAATGCGATCAGAAAAAAAAAGATTATGAAGTTGAACTGCTGCGTTTTCTGGAATCGCTGCCGGAAGAAGAGCAGCAGCGCGTACTGGGTGAAGAAAAAATGCTGAATATCAATAAAAAACAGGCAACCTCGCCGGCAAGCAAAAAACCGGCGCAGGAAGGCGGTAAAGGCGGTAGCGAAAAACCGAAACGTCCGGTTTCGGCGATGTTTATCTTCAGCGAAGAAAAACGCCGTCAGTTGCAGGAAGAGCGTCCGGAACTGTCTGAAAGCGAACTGACCCGTCTGCTGGCGCGTATGTGGAATGATCTGAGCGAAAAAAAAAAAGCGAAATACAAAGCGCGTGAAGCGGCGCTGAAAGCGCAGAGCGAACGTAAACCGGGTGGTGAGCGTGAAGAGCGTGGTAAACTGCCGGAATCGCCGAAACGCGCAGAAGAAATCTGGCAGCAGTCGGTGATTGGCGATTATCTGGCGCGTTTTAAAAACGATCGCGTAAAAGCGCTGAAAGCGATGGAAATGACCTGGAATAATATGGAAAAAAAAGAAAAACTGATGTGGATCAAAAAAGCTGCAGAAGATCAGAAACGTTATGAACGTGAACTGAGCGAAATGCGTGCGCCGCCGGCAGCAACCAACAGCTCAAAAAAAATGAAATTCCAGGGTGAACCGAAAAAACCGCCGATGAACGGTTATCAGAAATTCAGCCAGGAACTGCTGTCTAACGGTGAACTGAACCATCTGCCGCTGAAAGAGCGTATGGTGGAAATCGGTTCCCGCTGGCAGCGTATCAGCCAGTCACAGAAAGAGCACTACAAAAAACTGGCAGAAGAGCAGCAAAAACAGTATAAAGTGCATCTGGATCTGTGGGTGAAATCGCTGTCGCCGCAGGATCGCGCTGCTTATAAAGAATATATCAGCAATAAACGTAAATCAATGACCAAACTGCGTGGGCCGAACCCGAAATCCTCACGTACCACGCTGCAATCAAAAAGCGAAAGCGAAGAAGATGATGAAGAAGATGAAGATGATGAAGATGAAGATGAAGAAGAAGAAGATGATGAAAACGGCGATAGCTCTGAAGATGGCGGTGATTCCTCTGAATCCTCCTCTGAAGATGAAAGCGAAGATGGCGATGAAAATGAAGAAGATGATGAAGATGAAGATGATGATGAAGATGATGATGAAGATGAAGATAACGAAAGCGAAGGTTCCTCCTCCTCCTCCTCCTCCTCTGGTGATTCCTCTGACAGCGACAGCAATTGA
